Number	Poem	Page	ID	Position	Character	Pinyin	MC	OC	FQ	GY	Tone	Division	?	Final	Rhyme	Metrum I	Metrum II	Metrum III	Text	German
113	ZĒNG ZHŌNG DÀIFÙ HUÍ GUǏ 曾仲大夫蛕簋	293-294		(1-20)																
113	ZĒNG ZHŌNG DÀIFÙ HUÍ GUǏ 曾仲大夫蛕簋	293-294	3h	26	𣪘										?	I	xxxxxx	A		
113	ZĒNG ZHŌNG DÀIFÙ HUÍ GUǏ 曾仲大夫蛕簋	293-294	3h	26	簋	guǐ	*kwijX	*kʷruʔ	居洧	見旨	s	III	H	幽	A					
113	ZĒNG ZHŌNG DÀIFÙ HUÍ GUǏ 曾仲大夫蛕簋	293-294	4d	31	孝	xiào	*xaewH	*xrūs	呼教	曉效	q	II	K	幽	A	II	xxxxx	A		
113	ZĒNG ZHŌNG DÀIFÙ HUÍ GUǏ 曾仲大夫蛕簋	293-294	4h	35	考	kǎo	*khawX	*khūʔ	苦浩	溪晧	s	I	K	幽	A	III	xxxx	A		
113	ZĒNG ZHŌNG DÀIFÙ HUÍ GUǏ 曾仲大夫蛕簋	293-294	5c	39	壽	shòu	*dzyuwX	*duʔ	殖酉	禪有	s	III	K	幽	A	IV	xxxx	A		
113	ZĒNG ZHŌNG DÀIFÙ HUÍ GUǏ 曾仲大夫蛕簋	293-294	5g	43	冬	dōng	*towng	*tūŋ	都宗	端冬	p	I	H	冬	B	V	xxxx	B		
113	ZĒNG ZHŌNG DÀIFÙ HUÍ GUǏ 曾仲大夫蛕簋	293-294	5g	43	終	zhōng	*tsyuwng	*tuŋ	職戎	章冬	p	III	h	冬	B					
113	ZĒNG ZHŌNG DÀIFÙ HUÍ GUǏ 曾仲大夫蛕簋	293-294	6d	50	孫=	-sūn	*-swon	*-sūn	思渾	心魂	p	I	h	文	X	VI	xxxxxxx	X		
113	ZĒNG ZHŌNG DÀIFÙ HUÍ GUǏ 曾仲大夫蛕簋	293-294	6h	54	亯	xiǎng	*xjangX	*xaŋʔ	許兩	曉養	s	III	k	陽	b	VII	xxxx	b		
113	ZĒNG ZHŌNG DÀIFÙ HUÍ GUǏ 曾仲大夫蛕簋	293-294	6h	54	享	xiǎng	*xjangX	*xaŋʔ	許兩	曉養	s	III	k	陽	b					
114	ZĒNG BÓ YÌ HÚ 曾伯陭壺	294		(1-10)															隹（唯）曾白（伯）陭迺用吉金、鎥，	Es war [ich,] Yí, der Fürst von Zēng, der solides Metall, qiáo-Metall (?Zinn) und -Metall (?Eisen) benutzte, 
114	ZĒNG BÓ YÌ HÚ 曾伯陭壺	294	4c	15	壺	hú	*hu	*g/ɦā	戶吳	匣模	p	I	h	魚	A	I	xxxxx	A	用自乍（作）醴壺 A 。	um damit (selbst ) mit eigenen Mitteln einen Libationskrug fertigen zu lassen.
114	ZĒNG BÓ YÌ HÚ 曾伯陭壺	294	5c	19	客	kè	*khaek	*khrāk	苦格	溪陌	r	II	k	鐸	a	II	xxxx	a	用卿（饗）賓客 a，	Verwendet ihn, um Besucher und Gäste zu bewirten, 
114	ZĒNG BÓ YÌ HÚ 曾伯陭壺	294	6c	23	叚	jiǎ	*kaeX	*krāʔ	古疋	見馬	s	II	k	魚	A	III	xxxx	A	為德無叚（瑕 A）！	um tugendkräftig zu handeln ohne Fehl! 
114	ZĒNG BÓ YÌ HÚ 曾伯陭壺	294	6c	23	瑕	xiá	*hae	*grā	胡加	匣麻	p	II	k	魚	A					
114	ZĒNG BÓ YÌ HÚ 曾伯陭壺	294	7a	25	孝	xiào	*xaewH	*xrūs	呼教	曉效	q	II	k	幽	B	IV	xx	B	用孝 B，	Verwendet ihn, um euch pietätvoll zu erweisen
114	ZĒNG BÓ YÌ HÚ 曾伯陭壺	294	7c 	27	亯	xiǎng	*xjangX	*xaŋʔ	許兩	曉養	s	III	k	陽	C	V	xx	C	用亯 （享 C），	und für rituelle Speisungen, 
114	ZĒNG BÓ YÌ HÚ 曾伯陭壺	294	7c 	27	享	xiǎng	*xjangX	*xaŋʔ	許兩	曉養	s	III	k	陽	C					
114	ZĒNG BÓ YÌ HÚ 曾伯陭壺	294	8c	31	壽	shòu	*dzyuwX	*duʔ	殖酉	禪有	s	III	k	幽	B	VI	xxxx	B	用易（錫）{興>宀>頁}（眉）壽 B！ 	damit ihr mit einem langen Leben beschenkt werdet!
114	ZĒNG BÓ YÌ HÚ 曾伯陭壺	294	9a	35	孫=	-sūn	*-swon	*-sūn	思渾	心魂	p	I	h	文	X	VII	xxxx	X	子=孫= X，	Mögen Kindeskinder und Enkelsenkel ihn verwenden, 
114	ZĒNG BÓ YÌ HÚ 曾伯陭壺	294	10c	39	彊	jiāng	*kjang	*kaŋ	居良	見陽	p	III	k	陽	C	VIII	xxxx	C	用受大福無彊（疆 C）！	"um großes Glück ohne Begrenzung zu erhalten!"""
114	ZĒNG BÓ YÌ HÚ 曾伯陭壺	294	10c	39	疆	jiāng	*kjang	*kaŋ	居良	見陽	p	III	k	陽	C					
115	ZHĚJIǍN ZHŌNG 者減鐘 I	296		(1-24)																
115	ZHĚJIǍN ZHŌNG 者減鐘 I	296	3b	28	羊>牛										?	I	xxxx	X		
115	ZHĚJIǍN ZHŌNG 者減鐘 I	296	3b	28	觲	xīng	*sjeng	*sheŋ	息營	心清	p	III	k	耕	X					
115	ZHĚJIǍN ZHŌNG 者減鐘 I	296	3f	32	彫	diāo	*tew	*təw	都聊	端蕭	p	IV	k	幽	A	II	xxxx	A		
115	ZHĚJIǍN ZHŌNG 者減鐘 I	296	4e	37	龠	yuè	*yak	*lekʷ	以灼	以藥	r	III	k	沃	X	III	xxxxx	X		
115	ZHĚJIǍN ZHŌNG 者減鐘 I	296	4e	37	籥	yuè	*yak	*lekʷ	以灼	以藥	r	III	k	沃	X					
115	ZHĚJIǍN ZHŌNG 者減鐘 I	296	4g	41	孚	fū	*pha	*phu	芳無	敷虞	p	III	h	幽	A	IV	xxxx	A		
115	ZHĚJIǍN ZHŌNG 者減鐘 I	296	4g	41	桴	fū	*pha	*phu	芳無	敷虞	p	III	h	幽	A					
115	ZHĚJIǍN ZHŌNG 者減鐘 I	296	5b	45	壽	shòu	*dzyuwX	*d(h)uʔ	殖酉	禪有	s	III	k	幽	A	V	xxxx	A		
115	ZHĚJIǍN ZHŌNG 者減鐘 I	296	5d	47	{來>厘}+{支>子}										?	VI	xx	a		
115	ZHĚJIǍN ZHŌNG 者減鐘 I	296	5d	47	釐	lí	*li	*rə	里之	來之	p	III	k	之	a					
115	ZHĚJIǍN ZHŌNG 者減鐘 I	296	5j	53	考	kǎo	*khawX	*khūʔ	苦浩	溪晧	s	I	k	幽	A	VII	xxxxx	A		
115	ZHĚJIǍN ZHŌNG 者減鐘 I	296	5n	57	壽	shòu	*dzyuwX	*d(h)uʔ	殖酉	禪有	s	III	k	幽	A	VIII	xxxx	A		
115	ZHĚJIǍN ZHŌNG 者減鐘 I	296	6c	60	壽	shòu	*dzyuwX	*d(h)uʔ	殖酉	禪有	s	III	k	幽	A	IX	xxx	A		
115	ZHĚJIǍN ZHŌNG 者減鐘 I	296	6g	66	音+刂=										?	X	xxxxxx	B		
115	ZHĚJIǍN ZHŌNG 者減鐘 I	296	6g	66	歆=	-xīn	*-xim	*-həm	許金	曉侵	p	III	k	侵	B					
115	ZHĚJIǍN ZHŌNG 者減鐘 I	296	6i	70	人>千>臼										?	XI	xxxx	B		
115	ZHĚJIǍN ZHŌNG 者減鐘 I	296	6i	70	欽	qīn	*khim	*khəm	去金	溪侵	p	III	k	侵	B					
115	ZHĚJIǍN ZHŌNG 者減鐘 I	296	6u	77	囗										?	XII	xxxxxxx	?		
115	ZHĚJIǍN ZHŌNG 者減鐘 I	296	7c 	82	旁	páng	*baŋ	*bāŋ	步光	並唐	p	I	k	陽	C	XIII	xxxxx	C		
115	ZHĚJIǍN ZHŌNG 者減鐘 I	296	7c 	82	方	fāng	*pjang	*paŋ	府良	非陽	p	III	h	陽	C					
115	ZHĚJIǍN ZHŌNG 者減鐘 I	296	7e	86	孫=	-sūn	*-swon	*-swhə̄n	思渾	心魂	p	I	h	文	X	XIV	xxxx	X		
115	ZHĚJIǍN ZHŌNG 者減鐘 I	296	7i	90	尚	shàng	*dzyangH	*daŋh	時亮	禪漾	q	III	k	陽	C	XV	xxxx	C		
116	WÚ ZĀNGSŪN ZHŌNG 吳臧孫鐘 II	297		(1-16)															工{{虍>魚}+支}大子姑發 反，自乍（作）元用。	"""[Ich,] Kronprinz Gū-fā-x-fǎn [*Gā-pat-x-panʔ] von Gōng-yú [*Kōŋ-ŋ(r)a, d.i. Wú 吳] ließ (selbst ) mit eigenen Mitteln die-ses großartige Instrument herstellen. "
116	WÚ ZĀNGSŪN ZHŌNG 吳臧孫鐘 II	297	2c	20	隻	hù	*hweak	*wrāk	胡麥	匣麥	r	II	h	鐸	A	I	xxxx	A	才（在）行之先，{𠂤-丶} （以）用{𠂤 -丶}（以）隻（獲 A），	Als Vorhut im Waffengang verwende ich es, um abzuschlachten und Gefangene zu machen, 
116	WÚ ZĀNGSŪN ZHŌNG 吳臧孫鐘 II	297	2c	20	獲	huò	*hweak	*wrāk	胡麥	匣麥	r	II	h	鐸	A					
116	WÚ ZĀNGSŪN ZHŌNG 吳臧孫鐘 II	297	2g	24	余	yú	*yo	*la	以邾	以魚	p	III	k	魚	a	II	xxxx	a	莫敢{{亇>止}+攵}（御）余 a 。	daß es niemand wagt, mich zu vertreiben. 
116	WÚ ZĀNGSŪN ZHŌNG 吳臧孫鐘 II	297	2l	29	陽	yáng	*yang	*laŋ	與章	以陽	p	III	k	陽	B	III	xxxxx	B	余處江之陽 B ，	Ich habe meine Position im Norden des Yangtze eingenommen. 
116	WÚ ZĀNGSŪN ZHŌNG 吳臧孫鐘 II	297	2o	32	南	nán	*nəm	*nə̄m	那含	泥覃	p	I	k	侵	X	IV	xxx	X	至于南 X ，	Bis in den Süden, 
116	WÚ ZĀNGSŪN ZHŌNG 吳臧孫鐘 II	297	2s	36	行	xíng	*haeng	*grāŋ	戶庚	匣庚	p	II	k	陽	B	V	xxxx	B	至于西行 B 。	"bis in den Westen ziehe ich!"""
117	WÚ WÁNG GUĀNG JIÀN 吳王光鑑	298-299		(1-8)															隹（唯）五月，既字白（魄）期，	"""Es war im fünften Monat, in der Periode (der Mondphase) jìshēngpò (nach dem Anwachsen der Leuchtkraft),"
117	WÚ WÁNG GUĀNG JIÀN 吳王光鑑	298-299	2e	12	庚	gēng	*kaeng	*krāŋ	古行	見庚	p	II	k	陽	A	I	xxxx	A	吉日初庚 A 。	am ersten (Zyklustag) gēng, einem glückverheißenden Tag. 
117	WÚ WÁNG GUĀNG JIÀN 吳王光鑑	298-299	3e	19	金	jīn	*kim	*k(r)əm	居吟	見侵	p	III	k	侵	B	II	xxxxxxx	B	吳王光{睪>廾}（擇）其吉金 B ，	[Ich,] Guāng, König von Wú wählte mir solides Metall aus, 
117	WÚ WÁNG GUĀNG JIÀN 吳王光鑑	298-299	4b	23	銧	?-ang	*?-aŋ	*?-aŋ							?A	III	xxxx	A	玄銧、白銧 ?A，	schwarzfarbenes Erz (?Blei) und weißfarbenes Erz (?Zinn), 
117	WÚ WÁNG GUĀNG JIÀN 吳王光鑑	298-299	5e	33	鑑	jiàn	*kaem	*krām	古銜	見銜	p	II	k	談	b	IV	xxxxxxxxxxx	b	台（以）乍（作）弔姬寺吁宗{弓+{夷>土}}（彝）薦鑑 b 。 	um für meine Tochter Shū Jī-sì-xū [*Stiwk-k(r)ə-sdəs-hw(r)a] einen als Utensilie im Ahnentempel zuverwendenden jìàn-Opfertopf fertigen zu lassen. 
117	WÚ WÁNG GUĀNG JIÀN 吳王光鑑	298-299	6b	37	孝	xiào	*xaewH	*xrūs	呼教	曉效	q	II	k	幽	X	V	xxxx	X	用亯 （享）用孝 X ，	Möge sie ihn für ri-tuelle Speisungen verwenden, und um sich pietätvoll zu erweisen, 
117	WÚ WÁNG GUĀNG JIÀN 吳王光鑑	298-299	6f	41	彊	jiāng	*kjang	*kaŋ	居良	見陽	p	III	k	陽	A	VI	xxxx	A	{興>宀>頁}（眉）壽無疆 A ！	möge ihr ein langes Leben ohne Be-grenzung beschieden sein! 
117	WÚ WÁNG GUĀNG JIÀN 吳王光鑑	298-299	6f	41	疆	jiāng	*kjang	*kaŋ	居良	見陽	p	III	k	陽	A					
117	WÚ WÁNG GUĀNG JIÀN 吳王光鑑	298-299	7c 	45	姬	jī	*ki	*k(r)ə	居之	見之	p	III	k	之	C	VII	xxxx	C	往已（矣）弔（叔）姬 C，	Gehe hin, Shū Jī, 
117	WÚ WÁNG GUĀNG JIÀN 吳王光鑑	298-299	7g	49	后	hòu	*huwX	*g(r)ōʔ	胡口	匣厚	s	I	k	侯	c	VIII	xxxx	c	虔敬乃后 c！	ehre emsig deinen Fürsten!
117	WÚ WÁNG GUĀNG JIÀN 吳王光鑑	298-299	8c	53	忘	wàng	*mjangH	*maŋ	巫放	微漾	q	III	k	陽	A	IX	xxxx	A	孫=勿忘 A！	"Enkelsenkel, vergeßt dies nicht!"""
118	NÁNJIĀNG ZHĒNG 南疆鉦	300-301		(1-21)																
118	NÁNJIĀNG ZHĒNG 南疆鉦	300-301	5d	25	船	chuán	*zywen	*mlon	食川	船仙	p	III	h	仙	a	I	xxxx	a		
118	NÁNJIĀNG ZHĒNG 南疆鉦	300-301	7b	32	川	chuān	*tsyhjwen	*KHu/on	昌緣	昌仙	p	III	h	文	A	II	xxxxxxx	A		
118	NÁNJIĀNG ZHĒNG 南疆鉦	300-301		(33-?36)																
118	NÁNJIĀNG ZHĒNG 南疆鉦	300-301	9a	41	{余+于}>皿										?	III	xxxxx	B		
118	NÁNJIĀNG ZHĒNG 南疆鉦	300-301	9a	41	盂	yú	*hju	*w(r)a	羽俱	云虞	p	III	h	魚	B					
118	NÁNJIĀNG ZHĒNG 南疆鉦	300-301	10a	46	師	shī	*srij	*srij	疏夷	生脂	p	III	k	脂	X	IV	xxxxx	X		
118	NÁNJIĀNG ZHĒNG 南疆鉦	300-301	11a	51	余+阝	tú/xú	*zjo	*ɦsla	似魚	邪魚	p	III	h	魚	B	V	xxxxx	B		
118	NÁNJIĀNG ZHĒNG 南疆鉦	300-301	11e	55	昆+阝										?	VI	xxxx	A		
118	NÁNJIĀNG ZHĒNG 南疆鉦	300-301	11e	55	混	hùn	*hwonX	*gūnʔ	胡本	匣混	s	I	h	文	A					
118	NÁNJIĀNG ZHĒNG 南疆鉦	300-301	13b	62	孫=	sūn	*swon	*sūn	思渾	心魂	p	I	h	文	A	VII	xxxxxxx	A		
118	NÁNJIĀNG ZHĒNG 南疆鉦	300-301	14c	68	金+{成>土}										?	VIII	xxxxxx	X		
118	NÁNJIĀNG ZHĒNG 南疆鉦	300-301	14c	68	鋮	chéng	*dzyeng	*deŋ	是征	禪清	p	III	k	耕	X					
118	NÁNJIĀNG ZHĒNG 南疆鉦	300-301	15c	73	贁											[...]IX	xxxxx	C		
118	NÁNJIĀNG ZHĒNG 南疆鉦	300-301	15c	73	敗	bài	*paejH	*prāts	補邁	幫夬	q	II	k	廢	C					
118	NÁNJIĀNG ZHĒNG 南疆鉦	300-301	16c	78	阝+彊										?	X	xxxxx	X		
118	NÁNJIĀNG ZHĒNG 南疆鉦	300-301	16c	78	疆	jiāng	*kjang	*kaŋ	居良	見陽	p	III	k	陽	X					
118	NÁNJIĀNG ZHĒNG 南疆鉦	300-301	17b	82	外	wài	*ngwajH	*ŋwāts	五會	疑泰	q	I	h	廢	C	XI	xxxx	C		
118	NÁNJIĀNG ZHĒNG 南疆鉦	300-301	17d	86	孫=	-sūn	*-swon	*-sūn	思渾	心魂	p	I	h	文	A	XII	xxxx	A		
118	NÁNJIĀNG ZHĒNG 南疆鉦	300-301	18a	92	囗										?	XIII	xxxxxx	?		
119	WÚ ZĀNGSŪN ZHŌNG 吳臧孫鐘 I	302		(1-8)																
119	WÚ ZĀNGSŪN ZHŌNG 吳臧孫鐘 I	302	3b	16	孫	sūn	*swon	*sūn	思渾	心魂	p	I	h	文	A	I	xxxxxx	A		
119	WÚ ZĀNGSŪN ZHŌNG 吳臧孫鐘 I	302	4c	21	孫	sūn	*swon	*sūn	思渾	心魂	p	I	h	文	A	II	xxxxx	A		
119	WÚ ZĀNGSŪN ZHŌNG 吳臧孫鐘 I	302	5c	25	金	jīn	*kim	*k(r)əm	居吟	見侵	p	III	k	侵	X	III	xxxx	X		
119	WÚ ZĀNGSŪN ZHŌNG 吳臧孫鐘 I	302	6d	29	鐘	zhōng	*tsyowng	*toŋ	職容	章鍾	p	III	h	東	B	IV	xxxx	B		
119	WÚ ZĀNGSŪN ZHŌNG 吳臧孫鐘 I	302	6h	33	孫=	-sūn	*-swon	*-sūn	思渾	心魂	p	I	h	文	A	V	xxxx	A		
119	WÚ ZĀNGSŪN ZHŌNG 吳臧孫鐘 I	302	6l	37	从	cóng	*tshuawŋ	*dzoŋ	疾容	从鐘	p	III	k	東	B	VI	xxxx	B		
120	WÁNGZǏ WÚ DǏNG 王子吳鼎	303	2e	10	吳	wú	*ngu	*ŋʷā	吳乎	疑模	p	I	h	魚	A	I	xxxxxxxxxx	A		
120	WÁNGZǏ WÚ DǏNG 王子吳鼎	303	3c	18	鼎+于										?A	II	xxxxxxxx	?A		
120	WÁNGZǏ WÚ DǏNG 王子吳鼎	303	4a	21	壽	shòu	*dzyuwX	*duʔ	殖酉	禪有	s	III	k	幽	B	III	xxx	B		
120	WÁNGZǏ WÚ DǏNG 王子吳鼎	303	4c	23	諆	qī	*khi	*kh(r)ə	去基	溪之	p	III	k	之	C	IV	xx	C		
120	WÁNGZǏ WÚ DǏNG 王子吳鼎	303	4c	23	期	qī	*gi	*g(r)ə	渠之	群之	p	III	k	之	C					
120	WÁNGZǏ WÚ DǏNG 王子吳鼎	303	5e	27	孫=	-sūn	*-swon	*-sūn	思渾	心魂	p	I	h	文	X	V	xxxx	X		
120	WÁNGZǏ WÚ DǏNG 王子吳鼎	303	6b	29	保	bǎo	*pawX	*pūʔ	博抱	幫晧	s	I	k	幽	B	VI	xx	B		
120	WÁNGZǏ WÚ DǏNG 王子吳鼎	303	6b	29	寶	bǎo	*pawX	*pūʔ	博抱	幫晧	s	I	k	幽	B					
120	WÁNGZǏ WÚ DǏNG 王子吳鼎	303	6d	31	之	zhī	*tsyi	*tə	止而	章之	p	III	k	之	C	VII	xx	C		
121	ZHĚDĀO ZHŌNG 者{氵+刀}鐘	304-305		(1-10)																
121	ZHĚDĀO ZHŌNG 者{氵+刀}鐘	304-305	6b	17	德-ㄔ										?	I	xxxxxxx	a		
121	ZHĚDĀO ZHŌNG 者{氵+刀}鐘	304-305	6b	17	德	dé	*tok	*tə̄k	多則	端德	r	I	k	職	a					
121	ZHĚDĀO ZHŌNG 者{氵+刀}鐘	304-305	8a	22	朕	zhèn	*drimX	*drimʔ	直稔	澄寢	s	III	k	侵	X	II	xxxxx	X		
121	ZHĚDĀO ZHŌNG 者{氵+刀}鐘	304-305	9a	25	之	zhī	*tsyi	*tə	止而	章之	p	III	k	之	A	III	xxx	A		
121	ZHĚDĀO ZHŌNG 者{氵+刀}鐘	304-305	10b	29	走+ 亘=	yuán	*hjwon	*war	雨元	云元	p	III	h	元	B	IV	xxxx	B		
121	ZHĚDĀO ZHŌNG 者{氵+刀}鐘	304-305	10b	29	宣=	­xuān	*-sjwen	*-swar	須緣	心仙	p	III	h	元	B					
121	ZHĚDĀO ZHŌNG 者{氵+刀}鐘	304-305	11b	33	爫>冖>{十+卩}										?	V	xxxx	?		
121	ZHĚDĀO ZHŌNG 者{氵+刀}鐘	304-305	12c	37	{目>皿}+戈										?	VI	xxxx	b		
121	ZHĚDĀO ZHŌNG 者{氵+刀}鐘	304-305	12c	37	縕	yùn	*'junH	*ʔuns	魚問	影問	q	III	h	文	b					
121	ZHĚDĀO ZHŌNG 者{氵+刀}鐘	304-305	14b	42	立	lì	*lip	*grə/up	立力	來緝	r	III	k	緝	c	VII	xxxx	C		
121	ZHĚDĀO ZHŌNG 者{氵+刀}鐘	304-305	14b	42	位	wèi	*hwijH	*(w)rəps	于愧	云至	q	III	k	隶	C					
121	ZHĚDĀO ZHŌNG 者{氵+刀}鐘	304-305	15c	46	念	niàn	*nemH	*nīms	奴店	泥掭	q	IV	k	侵	D	VIII	xxxxx	D		
121	ZHĚDĀO ZHŌNG 者{氵+刀}鐘	304-305	16c	49	有	yǒu	*hjuwX	*wəʔ	云久	有匣	s	III	k	之	A	IX	xxxx	A		
121	ZHĚDĀO ZHŌNG 者{氵+刀}鐘	304-305	18b	53	成	chéng	*dzyeng	*deŋ	是征	禪清	p	III	k	耕	d	X	xxx	d		
121	ZHĚDĀO ZHŌNG 者{氵+刀}鐘	304-305	20b	57	爿+立										?	XI	xxxx	?		
121	ZHĚDĀO ZHŌNG 者{氵+刀}鐘	304-305	22b	61	聿	yù	*ywit	*rut	餘律	以術	r	III	h	物	ζ	XII	xxx	C		
121	ZHĚDĀO ZHŌNG 者{氵+刀}鐘	304-305	22b	61	肆	sì	*sijH	*sləps	息利	心至	q	III	k	隶	C					
121	ZHĚDĀO ZHŌNG 者{氵+刀}鐘	304-305	24b	65	幺+幺	zī	*tsi	*tsə	子之	精之	p	III	k	之	A	XIII	xxxx	A		
121	ZHĚDĀO ZHŌNG 者{氵+刀}鐘	304-305	24b	65	茲	zī	*tsi	*tsə	子之	精之	p	III	k	之	A					
121	ZHĚDĀO ZHŌNG 者{氵+刀}鐘	304-305	26b	69	壽	shòu	*dzyuwX	*duʔ	殖酉	禪有	s	III	k	幽	E	XIV	xxxx	E		
121	ZHĚDĀO ZHŌNG 者{氵+刀}鐘	304-305	28b	73	樂	lè	*lak	*g-rawk	盧各	來鐸	r	I	k	沃	X	XV	xxxx	X		
121	ZHĚDĀO ZHŌNG 者{氵+刀}鐘	304-305	31a	73	訄	qiú	*guw	*g(r)u	去鳩	溪尤	p	III	k	幽	E	XVI	xxxx	E		
121	ZHĚDĀO ZHŌNG 者{氵+刀}鐘	304-305	33a	82	啻	chì	*syeH	*hles	施智	書寘	q	III	k	佳	X	XVII	xxxxx	X		
121	ZHĚDĀO ZHŌNG 者{氵+刀}鐘	304-305	34b	85	命	mìng	*mjaengH	*mriŋ(s)	眉病	明映	q	III	k	真	X	XVIII	xxx	X		
121	ZHĚDĀO ZHŌNG 者{氵+刀}鐘	304-305	36b	89	德-ㄔ										?	XIX	xxxx	a		
121	ZHĚDĀO ZHŌNG 者{氵+刀}鐘	304-305	36b	89	德	dé	*tok	*tə̄k	多則	端德	r	I	k	職	a					
121	ZHĚDĀO ZHŌNG 者{氵+刀}鐘	304-305	38b	93	保	bǎo	*pawX	*pūʔ	博抱	幫晧	s	I	k	幽	α	XX	xxxx	a		
122	YUÈ WÁNG ZHŌNG 越王鐘	305-306		(1-25)															隹（唯）正月，王（孟） {芚>目}（春），吉日，丁亥。戉（越）王 者旨於{止>目}（夷）{睪>廾}（擇）氒（厥） 吉金，自祝（鑄）禾（龢）{林>亠>回}【鐘】囗【鐘】，	"""Es war im ersten Monat, dem Monat des Frühlingsbeginns, an einem glückverheißenden Tag, einem (Zyklustag) dīnghài. [Ich,] der König von Yuè, Zhě-zhǐ-yú-yí [*Tē-kij-ʔa-ləj], wählte mir solides Metall aus und ließ (selbst   ) aus eigenen Mitteln eine harmonisches [Glockenspiel] gießen, "
122	YUÈ WÁNG ZHŌNG 越王鐘	305-306	9b	29	家	jiā	*kae	*krā	古牙	見麻	p	II	k	魚	A	I	xxxx	A	台（以）樂吾家 A ，	um mit ihm meine Familie zu erfeuen,
122	YUÈ WÁNG ZHŌNG 越王鐘	305-306	10b	33	各	gè	*kak	*kāk	古洛	見鐸	r	I	k	鐸	a	II	xxxx	a	喜而賓各（客 a），	die Gäste zu beglücken und zu bewirten, 
122	YUÈ WÁNG ZHŌNG 越王鐘	305-306	10b	33	客	kè	*khaek	*khrāk	苦格	溪陌	r	II	k	鐸	a					
122	YUÈ WÁNG ZHŌNG 越王鐘	305-306	11b	37	之	zhī	*tsyi	*tə	止而	章之	p	III	k	之	B	III	xxxx	B	台（以）鼓之 B ，	um es [das Glockenspiel] anzuschlagen, 
122	YUÈ WÁNG ZHŌNG 越王鐘	305-306	12c	41	貣	tè	*thok	*hlə̄k	他德	透德	r	I	k	職	b	IV	xxxx	b	夙莫（暮）不貣（忒 b）。 	von der Frühe bis zur Abenddämmerung, unablässig.
122	YUÈ WÁNG ZHŌNG 越王鐘	305-306	12c	41	忒	tè	*thok	*hlə̄k	他德	透德	r	I	k	職	b					
122	YUÈ WÁNG ZHŌNG 越王鐘	305-306	14a	46	孫	sūn	*swon	*sūn	思渾	心魂	p	I	h	文	X	V	xxxxx	X	順（訓）余子孫 X ，	Belehrt [mit ihm] meine Kinder und Enkel, 
122	YUÈ WÁNG ZHŌNG 越王鐘	305-306	15b	50	疆	jiāng	*kjang	*kaŋ	居良	見陽	p	III	k	陽	C	VI	xxxx	C	萬枼（世）亡（無）疆 C，	Myriaden von Generationen, ohne Begrenzung, 
122	YUÈ WÁNG ZHŌNG 越王鐘	305-306	11c	54	相	xiàng	*sjangH	*sāŋs	息亮	心漾	q	III	k	陽	C	VII	xxxx	C	用之勿相（喪 C）！ 	"verwendet und verliert es nicht!"""
122	YUÈ WÁNG ZHŌNG 越王鐘	305-306	11c	54	喪	sàng	*sangH	*smāŋs	蘇浪	心宕	q	I	k	陽	C					
123	XÚ/ TÚ WÁNG ?LIANG DǏNG 徐/{余+⻖}王{井+量}鼎	307		(1-11)																
123	XÚ/ TÚ WÁNG ?LIANG DǏNG 徐/{余+⻖}王{井+量}鼎	307	3c	15	腊	xī	*sjek	*sēk	思積	心昔	r	III	k	鐸	A	I	xxxx	A		
123	XÚ/ TÚ WÁNG ?LIANG DǏNG 徐/{余+⻖}王{井+量}鼎	307	4a	19	客	kè	*khaek	*khrāk	苦格	溪陌	r	II	k	鐸	A	II	xxxx	A		
123	XÚ/ TÚ WÁNG ?LIANG DǏNG 徐/{余+⻖}王{井+量}鼎	307	4c	23	孫=	-sūn	*-swon	*-sūn	思渾	心魂	p	I	h	文	X	III	xxxx	X		
123	XÚ/ TÚ WÁNG ?LIANG DǏNG 徐/{余+⻖}王{井+量}鼎	307	4f	27	若	ruò	*nyak	*nak	而灼	日藥	r	III	k	鐸	A	IV	xxxx	A		
124	GĒNGÉR DǏNG 庚兒鼎 I-II	308		(1-17)																
124	GĒNGÉR DǏNG 庚兒鼎 I-II	308	3a	21	行	xíng	*haeng	*grāŋ	戶庚	匣庚	p	II	k	陽	A	I	xxxx	A		
124	GĒNGÉR DǏNG 庚兒鼎 I-II	308	3e	25	{弓+享+弓}>鬲	gēng	*kaeng	*krāŋ	古行	見庚	p	II	k	陽	A	II	xxxx	A		
124	GĒNGÉR DǏNG 庚兒鼎 I-II	308	3e	25	羹	gēng	*kaeng	*krāŋ	古行	見庚	p	II	k	陽	A					
124	GĒNGÉR DǏNG 庚兒鼎 I-II	308	3i	29	彊	jiāng	*kjang	*kaŋ	居良	見陽	p	III	k	陽	A	III	xxxx	A		
124	GĒNGÉR DǏNG 庚兒鼎 I-II	308	3i	29	疆	jiāng	*kjang	*kaŋ	居良	見陽	p	III	k	陽	A					
125	XÚ WÁNGZǏ X ZHŌNG 徐王子{方+{𠂉>同}}鐘	308-309		(1-21)															隹（唯）正月，初吉，元日癸 亥。 {余+阝}（徐）王子{方+{𠂉>同}{睪>廾}（擇） 其吉金，自乍（作）龢鐘。	"""Es war im ersten Monat, (Mondphase) chūjí (‘beginnende Glücks-verheißung’), an einem glückverheißenden (Zyklustag) guǐ-hài. [Ich,] 呁, der Prinz von Xú wählte mir solides Metall aus, um harmonische zhōng-Glocke fertigen zu lassen. "
125	XÚ WÁNGZǏ X ZHŌNG 徐王子{方+{𠂉>同}}鐘	308-309	5b	25	祀	sì	*ziX	*zə(k)ʔ	詳里	邪止	s	III	k	之	A	I	xxxx	A	{𠂤 -丶}（以）敬{明>示}（明）祀 A ，	Ich verwende sie, um ehrerbietig zu erleuchten und zu opfern, 
125	XÚ WÁNGZǏ X ZHŌNG 徐王子{方+{𠂉>同}}鐘	308-309	5f	29	賓	bīn	*pjin	*pin	必鄰	幫真	p	III	k	真	B	II	xxxx	B	{𠂤 -丶}（以）樂嘉賓 B ，	um die werten Gäste
125	XÚ WÁNGZǏ X ZHŌNG 徐王子{方+{𠂉>同}}鐘	308-309	6a	34	生	shēng	*sraeng	*sreŋ	所庚	生庚	p	II	k	耕	b	III	xxxxx	b	及我者（諸）囗生 b ， 	und unsere gesamten X-Verwandten zu erfreuen, 
125	XÚ WÁNGZǏ X ZHŌNG 徐王子{方+{𠂉>同}}鐘	308-309	6e	38	兄+{止>王}										?	IV	xxxx	C	{秉+秉}（兼）{𠂤 -丶}（以）{兄+{止>王}}（兄 C）、庶士，	sowie, um die älteren Brüder 
125	XÚ WÁNGZǏ X ZHŌNG 徐王子{方+{𠂉>同}}鐘	308-309	6e	38	兄	xiōng	*xjwaeng	*hwraŋ	許容	曉庚	p	III	h	陽	C					
125	XÚ WÁNGZǏ X ZHŌNG 徐王子{方+{𠂉>同}}鐘	308-309	7b	44	喜	xǐ	*xiX	*x(r)əʔ	虛里	曉止	s	III	k	之	A	V	xxxxxx	A	{𠂤 -丶}（以）宴以喜 A！	und die vielen Gefolgsleute durch Gelage zu beglücken! 
125	XÚ WÁNGZǏ X ZHŌNG 徐王子{方+{𠂉>同}}鐘	308-309	8b	48	方+{揚-手}										?	VI	xxxx	C	中（終）{{十>早}+{人>隹}}（翰）{{虍>且}+又}（且）{方+{揚-手}}（揚） C ，	Bis ans Ende [der Himmelsgegenden] sich empor-schwingend und preisend,
125	XÚ WÁNGZǏ X ZHŌNG 徐王子{方+{𠂉>同}}鐘	308-309	8b	48	揚	yáng	*yang	*laŋ	與章	以陽	p	III	k	陽	C					
125	XÚ WÁNGZǏ X ZHŌNG 徐王子{方+{𠂉>同}}鐘	308-309	9b	52	皇	huáng	*hwang	*wāŋ	胡光	匣唐	p	I	h	陽	C	VII	xxxx	C	元鳴孔皇 C 。	ertönt ihr erster Ruf in gigantischer Erhabenheit. 
125	XÚ WÁNGZǏ X ZHŌNG 徐王子{方+{𠂉>同}}鐘	308-309	9e	56	攸>音=										?	VIII	xxxx	a	其音{攸>音}= a，	*liw-liw (weitrei-chend) ist ihr Ton,
125	XÚ WÁNGZǏ X ZHŌNG 徐王子{方+{𠂉>同}}鐘	308-309	9e	56	悠=	­yōu	*-yuw	*-liw	以周	以尤	p	III	k	幽	a					
125	XÚ WÁNGZǏ X ZHŌNG 徐王子{方+{𠂉>同}}鐘	308-309	10d	60	方	fāng	*pjang	*paŋ	府良	非陽	p	III	h	陽	C	IX	xxxx	C	{耳+昏}（聞）于四方 C ， 	vernehmbar in allen vier Himmelsgegenden.
125	XÚ WÁNGZǏ X ZHŌNG 徐王子{方+{𠂉>同}}鐘	308-309	11b	64	熙=	­xī	*-xi	*-x(r)ə	許其	曉之	p	III	k	之	A	X	xxxx	A	韹=（皇皇）熙= A，	*wāŋ-wāŋ, *x(r)ə-x(r)ə (schallend und wohlklingend) [seien diese Glocken], 
125	XÚ WÁNGZǏ X ZHŌNG 徐王子{方+{𠂉>同}}鐘	308-309	12c	68	諆	qī	*khi	*kh(r)ə	去基	溪之	p	III	k	之	A	XI	xxxx	A	{興>宀>頁}（眉）壽無諆（期 A）。	 für ein langes Leben ohne Frist. 
125	XÚ WÁNGZǏ X ZHŌNG 徐王子{方+{𠂉>同}}鐘	308-309	12c	68	期	qī	*gi	*g(r)ə	渠之	群之	p	III	k	之	A					
125	XÚ WÁNGZǏ X ZHŌNG 徐王子{方+{𠂉>同}}鐘	308-309	13b	72	孫=	­sūn	*-swon	*-sūn	思渾	心魂	p	I	h	文	X	XII	xxxx	X	子=孫= X，	Mögen Kindeskinder und Enkelsenkel über 
125	XÚ WÁNGZǏ X ZHŌNG 徐王子{方+{𠂉>同}}鐘	308-309	14b	76	之	zhī	*tsyi	*tə	止而	章之	p	III	k	之	A	XIII	xxxx	A	萬枼（世）鼓之 A ！	"Myriaden von Generationen hinweg sie [die zhōng-Glocken] anschlagen!"""
126	XÚ WÁNG YÌCHǓ DUĀN 徐王義楚鍴鍴	310		(1-19)															隹（唯）正月，吉日，丁酉。{余+阝}（徐）王義楚{睪>廾}（擇）余吉金，自酢（作）祭鍴。	"""Es war im ersten Monat, an einem glückverheißenden Tag, (Zyklustag) dīngyǒu. [Ich,], der König von Xú, Yì-chǔ (*ŋ(r)ajs-tsrha), wählte für mich solides Metall aus, um (selbst) auf eigene Kosten ein Opfer-duān-Gefäß fertigen zu lassen. "
126	XÚ WÁNG YÌCHǓ DUĀN 徐王義楚鍴鍴	310	3c	24	天	tiān	*then	*hlīn	他前	透先	p	IV	k	真	A	I	xxxxx	A	用亯（享） 于皇天 A ，	Ich verwende es für rituelle Speisungen des erhabenen Himmelsgottes
126	XÚ WÁNG YÌCHǓ DUĀN 徐王義楚鍴鍴	310	3g	28	考	kǎo	*khawX	*khūʔ	苦浩	溪晧	s	I	k	幽	B	II	xxxx	B	及我文考 B 。	und unseres kultivierten Vaters selig. 
126	XÚ WÁNG YÌCHǓ DUĀN 徐王義楚鍴鍴	310	4a	32	身	shēn	*syin	*hlin	失人	書真	p	III	k	真	A	III	Xxxx	A	永保{{厶>心}+予}（予） 身 A ，	Damit mein Körper ewiglich beschützt werde, 
126	XÚ WÁNG YÌCHǓ DUĀN 徐王義楚鍴鍴	310	4d	35	寶	bǎo	*pawX	*pūʔ	博抱	幫晧	s	I	k	幽	B	IV	Xxx	B	子孫寶 B ！	"mögen Söhne und Enkel es [das duān-Gefäß] wertschätzen!"""
127	DÀOÉR ZHŌNG 儔兒鐘	311-312		(1-25)																
127	DÀOÉR ZHŌNG 儔兒鐘	311-312	8a	29	哉	zāi	*tsoj	*tsə̄	祖才	精海	p	I	k	之	a	I	xxxx	a		
127	DÀOÉR ZHŌNG 儔兒鐘	311-312	9c	35	臣	chén	*dzyin	*gin	植鄰	禪真	p	III	k	真	X	II	xxxx	X		
127	DÀOÉR ZHŌNG 儔兒鐘	311-312	10d	40	父	fù	*bjuX	*b(r)aʔ	扶雨	並麌	s	III	h	魚	A	III	xxxx	A		
127	DÀOÉR ZHŌNG 儔兒鐘	311-312	13a	49	鋁	lǚ	*ljoH	*g-ras	良倨	來御	q	III	h	魚	A	IV	xxxxxxxxx	A		
127	DÀOÉR ZHŌNG 儔兒鐘	311-312	14a	53	鐘	zhōng	*tsyowng	*toŋ	職容	章鍾	p	III	h	東	X	V	xxxx	X		
127	DÀOÉR ZHŌNG 儔兒鐘	311-312	15b	58	且	jū	*tsjo	*tsa	子魚	精魚	p	III	h	魚	A	VI	xxxxx	A		
127	DÀOÉR ZHŌNG 儔兒鐘	311-312	15b	58	祖	zǔ	*tsuX	*tsāʔ	則古	精姥	s	I	h	魚	A					
127	DÀOÉR ZHŌNG 儔兒鐘	311-312	16b	62	兄	xiōng	*xjwaeng	*hwraŋ	許容	曉庚	p	III	h	陽	α	VII	xxxxxx	a		
127	DÀOÉR ZHŌNG 儔兒鐘	311-312	17b	66	舞	wǔ	*mjuX	*m(r)aʔ	文甫	微麌	s	III	h	魚	A	VIII	xxxx	A		
127	DÀOÉR ZHŌNG 儔兒鐘	311-312	18a	70	之	zhī	*tsyi	*tə	止而	章之	p	III	k	之	a	IX	xxxx	a		
127	DÀOÉR ZHŌNG 儔兒鐘	311-312	19a	74	語	yǔ	*ngjoX	*ŋ(r)aʔ	魚巨	疑語	s	III	k	魚	A	X	xxxx	A		
128	YǍNÉR ZHŌNG 沇兒鐘	312-313		(1-23)																
128	YǍNÉR ZHŌNG 沇兒鐘	312-313	6a	27	方+{揚-手}										?	I	xxxx	A		
128	YǍNÉR ZHŌNG 沇兒鐘	312-313	6a	27	揚	yáng	*yang	*laŋ	與章	以陽	p	III	k	陽	A					
128	YǍNÉR ZHŌNG 沇兒鐘	312-313	7a	31	皇	huáng	*hwang	*wāŋ	胡光	匣唐	p	I	h	陽	A	II	xxxx	A		
128	YǍNÉR ZHŌNG 沇兒鐘	312-313	8a	35	成	chéng	*dzyeng	*deŋ	是征	禪清	p	III	k	耕	B	III	xxxx	B		
128	YǍNÉR ZHŌNG 沇兒鐘	312-313	11a	39	酉	yǒu	*yuwX	*juʔ	與久	以有	s	III	k	幽	X	IV	xxxx	X		
128	YǍNÉR ZHŌNG 沇兒鐘	312-313	11a	39	酒	jiǔ	*tsjuwX	*tsuʔ	子酉	精有	s	III	k	幽	X					
128	YǍNÉR ZHŌNG 沇兒鐘	312-313	10c	43	生	shēng	*sraeng	*sreŋ	所庚	生庚	p	II	k	耕	B	V	xxxx	B		
128	YǍNÉR ZHŌNG 沇兒鐘	312-313	10c	43	姓	xìng	*sjengH	*seŋs	息正	心勁	q	III	k	耕	B					
128	YǍNÉR ZHŌNG 沇兒鐘	312-313	11a	47	義	yì	*ngjeH	*ŋ(r)ajs	宜寄	疑寘	q	III	k	歌	X	VI	xxxx	X		
128	YǍNÉR ZHŌNG 沇兒鐘	312-313	11a	47	儀	yí	*ngje	*ŋ(r)aj	魚羈	疑支	p	III	k	歌	X					
128	YǍNÉR ZHŌNG 沇兒鐘	312-313	11e	51	祀	sì	*ziX	*zə(k)ʔ	詳里	邪止	s	III	k	之	C	VII	xxxx	C		
128	YǍNÉR ZHŌNG 沇兒鐘	312-313	12c	56	喜	xǐ	*xiX	*x(r)əʔ	虛里	曉止	s	III	k	之	C	VIII	xxxxx	C		
128	YǍNÉR ZHŌNG 沇兒鐘	312-313	13b	60	賓	bīn	*pjin	*pin	必鄰	幫真	p	III	k	真	b	IX	xxxx	b		
128	YǍNÉR ZHŌNG 沇兒鐘	312-313	14d	66	士	shì	*dzriX	*ɦsrəʔ(s)	鉏里	崇止	s	III	k	之	C	X	xxxxxx	C		
128	YǍNÉR ZHŌNG 沇兒鐘	312-313	15b	70	走+{臣+巳}=										?	XI	xxxx	C		
128	YǍNÉR ZHŌNG 沇兒鐘	312-313	15b	70	熙=	­xī	*-xi	*-x(r)ə	許其	曉之	p	III	k	之	C					
128	YǍNÉR ZHŌNG 沇兒鐘	312-313	16b	74	其>日	jī	*ki	*k(r)ə	居其	見之	p	III	k	之	C	XII	xxxx	C		
128	YǍNÉR ZHŌNG 沇兒鐘	312-313	16b	74	期	qī	*gi	*g(r)ə	渠之	群之	p	III	k	之	C					
128	YǍNÉR ZHŌNG 沇兒鐘	312-313	17d	80	之	zhī	*tsyi	*tə	止而	章之	p	III	k	之	C	XIII	xxxxxx	C		
129	XÚ X-YǏN ZHŌNG 徐{音+{央>臼}}尹鐘	313-314		(1-6)																
129	XÚ X-YǏN ZHŌNG 徐{音+{央>臼}}尹鐘	313-314	1i	9	庚	gēng	*kaeng	*krāŋ	古行	見庚	p	II	k	陽	A	I	xxx	A		
129	XÚ X-YǏN ZHŌNG 徐{音+{央>臼}}尹鐘	313-314	2e	15											?	II	xxxxxx   	?		
129	XÚ X-YǏN ZHŌNG 徐{音+{央>臼}}尹鐘	313-314	2i	19	成>土	chéng	*dzyeng	*deŋ	是征	禪清	p	III	k	耕	X	III	xxxx	X		
129	XÚ X-YǏN ZHŌNG 徐{音+{央>臼}}尹鐘	313-314	2i	19	鉦	zhēng	*tsyeng	*teŋ	諸盈	章清	p	III	k	耕	X					
129	XÚ X-YǏN ZHŌNG 徐{音+{央>臼}}尹鐘	313-314	3d	23	矛+兄										?A	IV	xxxx	?A		
129	XÚ X-YǏN ZHŌNG 徐{音+{央>臼}}尹鐘	313-314	3h	27	兵	bīng	*paeng	*praŋ	甫明	幫庚	p	III	k	陽	A	V	xxxx	A		
129	XÚ X-YǏN ZHŌNG 徐{音+{央>臼}}尹鐘	313-314	4d	31	孫	sūn	*swon	*sūn	思渾	心魂	p	I	h	文	X	VI	xxxx	X		
129	XÚ X-YǏN ZHŌNG 徐{音+{央>臼}}尹鐘	313-314	4h	35	疆	jiāng	*kjang	*kaŋ	居良	見陽	p	III	k	陽	A	VII	xxxx	A		
129	XÚ X-YǏN ZHŌNG 徐 尹鐘	313-314	5e	40	亯	xiǎng	*xjangX	*xaŋʔ	許兩	曉養	s	III	k	陽	A	VIII	xxxxx	A		
129	XÚ X-YǏN ZHŌNG 徐 尹鐘	313-314	5e	40	享	xiǎng	*xjangX	*xaŋʔ	許兩	曉養	s	III	k	陽	A					
129	XÚ X-YǏN ZHŌNG 徐 尹鐘	313-314	3f	44	尚	shàng	*dzyangH	*daŋs	時亮	禪漾	q	III	k	陽	A	IX	xxxx	A		
129	XÚ X-YǏN ZHŌNG 徐 尹鐘	313-314	3f	44	常	cháng	*dzyang	*daŋ	市羊	禪陽	p	III	k	陽	A					
130	WÁNGSŪN (YÍZHĚ) ZHŌNG 王孫（遺者）鐘	315-316		(1-16)															隹（唯）正月，初吉，丁亥。王孫遺者{睪>廾}（擇）其吉金，自乍（作）龢鐘。	"""Es war im ersten Monat, (Mondphase) chūjí (‘beginnende Glücks-verheißung’), (Zyklustag) dīng-hài. [Ich,] Prinz Yízhě (*Luj-tēʔ), wählte mir solides Metall aus, um (selbst   ) eigenmächtig eine harmonische zhōng­Glocke herstellen zu lassen. "
130	WÁNGSŪN (YÍZHĚ) ZHŌNG 王孫（遺者）鐘	315-316	4e	23	方+{揚-手}										?	I	xxxxxxx	A	中（終）{言+方+{𠂉>早}}（翰）{{虍>且}+又}（且）{方+{揚-手}}（揚） A，	Bis ans Ende [der Himmelsgegen-den] sich emporschwingend und preisend,
130	WÁNGSŪN (YÍZHĚ) ZHŌNG 王孫（遺者）鐘	315-316	4e	23	揚	yáng	*yang	*laŋ	與章	以陽	p	III	k	陽	A					
130	WÁNGSŪN (YÍZHĚ) ZHŌNG 王孫（遺者）鐘	315-316	5c	27	皇	huáng	*hwang	*wāŋ	胡光	匣唐	p	I	h	陽	A	II	xxxx	A	元鳴子（孔）{{火>火}+皇}（皇 A）。	ertönt ihr Ruf in gewaltiger Erhabenheit.
130	WÁNGSŪN (YÍZHĚ) ZHŌNG 王孫（遺者）鐘	315-316	6a	31	孝	xiào	*xaewH	*xrūs	呼教	曉效	q	II	k	幽	B	III	xxxxxx	B	用亯（享）台（以）孝 B，	[Ich] verwende sie für rituelle Speisungen, und um mich unseren erhabenen Ahnvätern und dem kultivierten Vater selig
130	WÁNGSŪN (YÍZHĚ) ZHŌNG 王孫（遺者）鐘	315-316	7a	37	考	kǎo	*khawX	*khūʔ	苦浩	溪晧	s	I	k	幽	B	IV	xxxxxx	B	于我皇且（祖）文考 B ， 	pietätvoll zu erweisen, 
130	WÁNGSŪN (YÍZHĚ) ZHŌNG 王孫（遺者）鐘	315-316	7e	41	壽	shòu	*dzyuwX	*duʔ	殖酉	禪有	s	III	k	幽	B	V	xxxx	B	用{方+{𠂉>{單+斤}}}（旂）{興>宀>頁}（眉）壽 B 。	und hierdurch um ein langes Leben zu beten.
130	WÁNGSŪN (YÍZHĚ) ZHŌNG 王孫（遺者）鐘	315-316	8d	46	屖	xī	*sej	*sə̄j	先稽	心齊	p	IV	k	脂	X	VI	xxxxx	X	余{龴>{囗0弓}}（弘）{{龍+兄}>廾}（龏）{害+夫}（舒）屖 X ，	Ich bin ehrfürchtig, entspannt und gelöst, 
130	WÁNGSŪN (YÍZHĚ) ZHŌNG 王孫（遺者）鐘	315-316	9a	50	趩=	-chì	*trhik	*-hrək	恥力	徹職	r	III	k	職	c	VII	xxxxx	c	{畏+支}（畏）{{其+丮}>女}（忌）趩=（翼翼） c。 	ängstlich und behutsam. 
130	WÁNGSŪN (YÍZHĚ) ZHŌNG 王孫（遺者）鐘	315-316	9e	54	武	wǔ	*mjuX	*Np(r)aʔ	文甫	明麌	s	III	h	魚	X	VIII	xxxx	X	肅{折>心}（哲）聖武 X ，	Mit ehrfurchtsvoller Weisheit und mit heiligem Kampfesmut versehen, 
130	WÁNGSŪN (YÍZHĚ) ZHŌNG 王孫（遺者）鐘	315-316	10c	58	德	dé	*tok	*tə̄k	多則	端德	r	I	k	職	c	IX	xxx	c	惠于政德 c ，	liebevoll in der Tugendhaftigkeit meiner Regierung, 
130	WÁNGSŪN (YÍZHĚ) ZHŌNG 王孫（遺者）鐘	315-316	11a	62	義	yì	*ngjeH	*ŋ(r)ajs	宜寄	疑寘	q	III	k	歌	X	X	xxxx	X	{弔>心}（淑）于威義（儀 X），	gütig in meiner ehr-furchtsgebietenden Autorität, 
130	WÁNGSŪN (YÍZHĚ) ZHŌNG 王孫（遺者）鐘	315-316	11a	62	儀	yí	*ngje	*ŋ(r)aj	魚羈	疑支	p	III	k	歌	X					
130	WÁNGSŪN (YÍZHĚ) ZHŌNG 王孫（遺者）鐘	315-316	11e	66	飤	sì	*ziH	*zlə(k)s	詳吏	邪志	q	III	k	職	C	XI	xxxx	c	誨（謀）猷不（丕）飤（飭 c）。	ersinne ich Pläne von großartiger Ordentlichkeit. 
130	WÁNGSŪN (YÍZHĚ) ZHŌNG 王孫（遺者）鐘	315-316	11e	66	飾	shì	*syik	*hlək	賞職	書職	r	III	k	職	c					
130	WÁNGSŪN (YÍZHĚ) ZHŌNG 王孫（遺者）鐘	315-316	12b	70	鐘	zhōng	*tsyowng	*toŋ	職容	章鍾	p	III	h	東	D	XII	xxxx	D	闌=（簡簡）龢鐘 D ，	*krānʔ-krānʔ (lautklingend) ist diese harmonische Glocke, 
130	WÁNGSŪN (YÍZHĚ) ZHŌNG 王孫（遺者）鐘	315-316	12f	74	喜	xǐ	*xiX	*x(r)əʔ	虛里	曉止	s	III	k	之	C	XIII	xxxx	C	用匽台（以）喜 C ， 	die ich verwende, um Gelage auszurichten und zu beglücken,
130	WÁNGSŪN (YÍZHĚ) ZHŌNG 王孫（遺者）鐘	315-316	13f	80	兄+{止>王}										?	XIV	xxxxxx	d	用樂嘉賓 、父{兄+{止>王}}（兄 d）， 	um die werten Gäste, die älteren Brüder,
130	WÁNGSŪN (YÍZHĚ) ZHŌNG 王孫（遺者）鐘	315-316	13f	80	兄	xiōng	*xjwaeng	*hwraŋ	許榮	曉庚	p	III	h	陽	d					
130	WÁNGSŪN (YÍZHĚ) ZHŌNG 王孫（遺者）鐘	315-316	14d	84	友	yǒu	*hjuwX	*wəʔ	云久	云有	s	III	k	之	C	XV	xxxx	C	及我倗（朋）友 C 。	und unsere männlichen Nahund Fernverwandten zu erfreuen. 
130	WÁNGSŪN (YÍZHĚ) ZHŌNG 王孫（遺者）鐘	315-316	15b	88	心	xīn	*sim	*səm	息林	心侵	p	III	k	侵	E	XVI	xxxx	E	余恁（信）{台+{司-口}}（台）心 E ， 	Ich lasse mein Herz aufrichtig sein, oh, 
130	WÁNGSŪN (YÍZHĚ) ZHŌNG 王孫（遺者）鐘	315-316	15f	92	人+{德-ㄔ-一}										?	XVII	xxxx	c	{ㄔ+止}（誕）永余德 c 。 	, ich dehne meine Tugendkraft ins Unendliche aus.
130	WÁNGSŪN (YÍZHĚ) ZHŌNG 王孫（遺者）鐘	315-316	15f	92	德	dé	*tok	*tə̄k	多則	端德	r	I	k	職	c					
130	WÁNGSŪN (YÍZHĚ) ZHŌNG 王孫（遺者）鐘	315-316	16c	96	人	rén	*nyin	*nin	如鄰	日真	p	III	k	真	e	XVIII	xxxx	e	龢{水+弓+{人>彡}}（沴）民人 e ，	Dem Volk Harmonie und Sicherheit verschaffend,
130	WÁNGSŪN (YÍZHĚ) ZHŌNG 王孫（遺者）鐘	315-316	17c	101	國	guó	*kwok	*kʷə̄k	古或	見德	r	I	h	職	c	XIX	xxxxx	C	余尃（敷）旬于國 c 。	verteile ich es überall im Land. 
130	WÁNGSŪN (YÍZHĚ) ZHŌNG 王孫（遺者）鐘	315-316	17e	105	走+{臣+巳}=										?	XX	xxxx	C	{兄+光}=（皇皇）{走+{臣+已}}=（熙熙 C），	*wāŋ-wāŋ, *x(r)ə-x(r)ə (schallend und wohlklingend) [sei die Glocke], 
130	WÁNGSŪN (YÍZHĚ) ZHŌNG 王孫（遺者）鐘	315-316	17e	105	熙=	­xī	*-xi	*-x(r)ə	許其	曉之	p	III	k	之	C					
130	WÁNGSŪN (YÍZHĚ) ZHŌNG 王孫（遺者）鐘	315-316	18c	109	諆	qī	*khi	*kh(r)ə	去基	溪之	p	III	k	之	C	XXI	xxxx	C	萬年無諆（期 C）。	für Myriaden von Jahren ohne Frist! 
130	WÁNGSŪN (YÍZHĚ) ZHŌNG 王孫（遺者）鐘	315-316	18c	109	期	qī	*gi	*g(r)ə	渠之	群之	p	III	k	之	C					
130	WÁNGSŪN (YÍZHĚ) ZHŌNG 王孫（遺者）鐘	315-316	19a	113	子	zǐ	*tsiX	*tsəʔ	即里	精止	s	III	k	之	C	XXII	xxxx	C	枼（世）萬孫子 B ， 	Mögen über Myriaden von Generationen hinweg Kinder und Enkel, 
130	WÁNGSŪN (YÍZHĚ) ZHŌNG 王孫（遺者）鐘	315-316	19e	117	之	zhī	*tsyi	*tə	止而	章之	p	III	k	之	C	XXIII	xxxx	C	永保（寶）鼓之 C ！	"sie [die zhōng-Glocke] ewiglich wertschätzen und anschlagen!"""
131	ZǏJÌ FǓ 子季簠	318-319		(1-12)																
131	ZǏJÌ FǓ 子季簠	318-319	3b	14	壽	shòu	*dzyuwX	*duʔ	殖酉	禪有	s	III	k	幽	A	I	xx	A		
131	ZǏJÌ FǓ 子季簠	318-319	3d	16	其>日	jī	*ki	*k(r)ə	居其	見之	p	III	k	之	B	II	xx	B		
131	ZǏJÌ FǓ 子季簠	318-319	3d	16	期	qī	*gi	*g(r)ə	渠之	群之	p	III	k	之	B					
131	ZǏJÌ FǓ 子季簠	318-319	3f	20	孫=	-sūn	*-swon	*-sūn	思渾	心魂	p	I	h	文	X	III	xxxx	X		
131	ZǏJÌ FǓ 子季簠	318-319	4b	22	保	bǎo	*pawX	*pūʔ	博抱	幫晧	s	I	k	幽	A	IV	xx	A		
131	ZǏJÌ FǓ 子季簠	318-319	4d	24	之	zhī	*tsyi	*tə	止而	章之	p	III	k	之	B	V	xx	B		
132	CHǍNG BÓ YŌNG PÁN 昶伯庸盤	319		(1-7)																
132	CHǍNG BÓ YŌNG PÁN 昶伯庸盤	319	3b	12	彊	jiāng	*kjang	*kaŋ	居良	見陽	p	III	k	陽	A	I	xxxxx	A		
132	CHǍNG BÓ YŌNG PÁN 昶伯庸盤	319	3b	12	疆	jiāng	*kjang	*kaŋ	居良	見陽	p	III	k	陽	A					
132	CHǍNG BÓ YŌNG PÁN 昶伯庸盤	319	4d	17	亯	xiǎng	*xjangX	*xaŋʔ	許兩	曉養	s	III	k	陽	A	II	xxxxx	A		
132	CHǍNG BÓ YŌNG PÁN 昶伯庸盤	319	4d	17	享	xiǎng	*xjangX	*xaŋʔ	許兩	曉養	s	III	k	陽	A					
133	CHǓ WÁNG YǍNZHĀNG ZUÒ ZĒNG HÓU YǏ ZHŌNG 楚王酓章作曾侯乙鐘	320		(1-7)																
133	CHǓ WÁNG YǍNZHĀNG ZUÒ ZĒNG HÓU YǏ ZHŌNG 楚王酓章作曾侯乙鐘	320	2a	11	方+{揚-手}										?	I	xxxx	A		
133	CHǓ WÁNG YǍNZHĀNG ZUÒ ZĒNG HÓU YǏ ZHŌNG 楚王酓章作曾侯乙鐘	320	2a	11	陽	yáng	*yang	*laŋ	與章	以陽	p	III	k	陽	A					
133	CHǓ WÁNG YǍNZHĀNG ZUÒ ZĒNG HÓU YǏ ZHŌNG 楚王酓章作曾侯乙鐘	320	2e	15	章	zhāng	*tsyang	*taŋ	諸良	章陽	p	III	k	陽	A	II	xxxx	A		
133	CHǓ WÁNG YǍNZHĀNG ZUÒ ZĒNG HÓU YǏ ZHŌNG 楚王酓章作曾侯乙鐘	320	3a	21	彝	yí	*yij	*ləj	以脂	以脂	p	III	k	脂	X	III	xxxxxx	X		
133	CHǓ WÁNG YǍNZHĀNG ZUÒ ZĒNG HÓU YǏ ZHŌNG 楚王酓章作曾侯乙鐘	320	3f	26	方+{揚-手}										?	IV	xxxxx	A		
133	CHǓ WÁNG YǍNZHĀNG ZUÒ ZĒNG HÓU YǏ ZHŌNG 楚王酓章作曾侯乙鐘	320	3f	26	陽	yáng	*yang	*laŋ	與章	以陽	p	III	k	陽	A					
133	CHǓ WÁNG YǍNZHĀNG ZUÒ ZĒNG HÓU YǏ ZHŌNG 楚王酓章作曾侯乙鐘	320	3k	30	亯	xiǎng	*xjangX	*xaŋʔ	許兩	曉養	s	III	k	陽	A	V	xxxx	A		
133	CHǓ WÁNG YǍNZHĀNG ZUÒ ZĒNG HÓU YǏ ZHŌNG 楚王酓章作曾侯乙鐘	320	3k	30	享	xiǎng	*xjangX	*xaŋʔ	許兩	曉養	s	III	k	陽	A					
134	JĪNG GŌNGSŪN DUÌ 荊公孫敦	320-321	1c	3	孫	sūn	*swon	*sūn	心魂		p	I	h	文	A	I	xxx	A		
134	JĪNG GŌNGSŪN DUÌ 荊公孫敦	320-321	2b	7	亠>昌>羊	dūn	*twən	*tūn	端魂		p	I	h	文	A	II	xxxx	A		
134	JĪNG GŌNGSŪN DUÌ 荊公孫敦	320-321	2d	9	壽	shòu	*dzyuwX	*duʔ	禪有		s	III	k	幽	B	III	xx	B		
134	JĪNG GŌNGSŪN DUÌ 荊公孫敦	320-321	3a	11	之	zhī	*tsyi	*tə	章之		p	III	k	之	C	IV	xx	C		
134	JĪNG GŌNGSŪN DUÌ 荊公孫敦	320-321	3c	13	寶	bǎo	*pawX	*pūʔ	幫晧		s	I	k	幽	B	V	xx	B		
134	JĪNG GŌNGSŪN DUÌ 荊公孫敦	320-321	3e	15	其>日	jī	*ki	*k(r)ə	見之		p	III	k	之	C	VI	xx	C		
134	JĪNG GŌNGSŪN DUÌ 荊公孫敦	320-321	3e	15	期	qī	*gi	*g(r)ə	群之		p	III	k	之	C					
135	SHÀNG-RUÒ FǓ FǓ 上若輔簠	321		(1-8)																
135	SHÀNG-RUÒ FǓ FǓ 上若輔簠	321	2e	11	府	fǔ	*pjuX	*p(r)oʔ	方矩	非遇	s	III	h	侯	A	I	Xxx	A		
135	SHÀNG-RUÒ FǓ FǓ 上若輔簠	321	3d	15	金	jīn	*kim	*k(r)əm	居吟	見侵	p	III	k	侵	X	II	Xxxx	X		
135	SHÀNG-RUÒ FǓ FǓ 上若輔簠	321	6a	19	匚+古										?	III	Xxxx	a		
135	SHÀNG-RUÒ FǓ FǓ 上若輔簠	321	6a	19	簠	fǔ	*pjuX	*p(r)aʔ	方矩	非麌	s	III	h	魚	a					
135	SHÀNG-RUÒ FǓ FǓ 上若輔簠	321	5d	22	壽	shòu	*dzyuwX	*duʔ	殖酉	禪有	s	III	k	幽	B	IV	xxx	B		
135	SHÀNG-RUÒ FǓ FǓ 上若輔簠	321	6b	24	記	jì	*kiH	*k(r)əs	居吏	見志	q	III	k	之	C	V	xx	C		
135	SHÀNG-RUÒ FǓ FǓ 上若輔簠	321	6b	24	期	qī	*gi	*g(r)ə	渠之	群之	p	III	k	之	C					
135	SHÀNG-RUÒ FǓ FǓ 上若輔簠	321	6d	28	孫=	-sūn	*-swon	*-sūn	思渾	心魂	p	I	h	文	X	VI	xxxxxx	X		
135	SHÀNG-RUÒ FǓ FǓ 上若輔簠	321	7a	30	寶	bǎo	*pawX	*pūʔ	博抱	幫晧	s	I	k	幽	B	VII	xx	B		
135	SHÀNG-RUÒ FǓ FǓ 上若輔簠	321	7c	32	之	zhī	*tsyi	*tə	止而	章之	p	III	k	之	C	VIII	xx	C		
136	RUÒ GŌNG GUǏ 鄀公簋	322		(1-5)																
136	RUÒ GŌNG GUǏ 鄀公簋	322	2b	9	丑	chǒu	*thrjuwX	*hnruʔ	敕救	徹有	s	III	k	幽	A	I	xxxx	A		
136	RUÒ GŌNG GUǏ 鄀公簋	322	3c	17	𣪘										?	II	xxxxxxxx  A			
136	RUÒ GŌNG GUǏ 鄀公簋	322	3c	17	簋	guǐ	*kwijX	*kʷruʔ	居洧	見旨	s	III	h	幽	A					
136	RUÒ GŌNG GUǏ 鄀公簋	322	3f	20	孝	xiào	*xaewH	*xrūs	呼教	曉效	q	II	k	幽	A	III	xxx	A		
136	RUÒ GŌNG GUǏ 鄀公簋	322	4c	24	且	jū	*tsjo	*tsa	子魚	精魚	p	III	h	魚	X	IV	xxxx	X		
136	RUÒ GŌNG GUǏ 鄀公簋	322	4c	24	祖	zǔ	*tsuX	*tsāʔ	則古	精姥	s	I	h	魚	X					
136	RUÒ GŌNG GUǏ 鄀公簋	322	4g	28	丂	kǎo	*khawX	*khūʔ	苦浩	溪晧	s	I	k	幽	A	V	xxxx	A		
136	RUÒ GŌNG GUǏ 鄀公簋	322	4g	28	考	kǎo	*khawX	*khūʔ	苦浩	溪晧	s	I	k	幽	A					
136	RUÒ GŌNG GUǏ 鄀公簋	322	4f	31	壽	shòu	*dzyuwX	*duʔ	殖酉	禪有	s	III	k	幽	A	VI	xxx	A		
136	RUÒ GŌNG GUǏ 鄀公簋	322	6a	36	彊	jiāng	*kjang	*kaŋ	居良	見陽	p	III	k	陽	B	VII	xxxxx	B		
136	RUÒ GŌNG GUǏ 鄀公簋	322	6a	36	疆	jiāng	*kjang	*kaŋ	居良	見陽	p	III	k	陽	B					
136	RUÒ GŌNG GUǏ 鄀公簋	322	6c	40	孫=	-sūn	*-swon	*-sūn	思渾	心魂	p	I	h	文	X	VIII	xxxx	X		
136	RUÒ GŌNG GUǏ 鄀公簋	322	6g	44	亯	xiǎng	*xjangX	*xaŋʔ	許兩	曉養	s	III	k	陽	B	IX	xxxx	B		
136	RUÒ GŌNG GUǏ 鄀公簋	322	6g	44	享	xiǎng	*xjangX	*xaŋʔ	許兩	曉養	s	III	k	陽	B					
137	XIÀ-?RUO YŌNG GŌNG X DǏNG 下{若>{虫+虫}}雝公{言+{厂0系}+戈}鼎	323		(1-18)																
137	XIÀ-?RUO YŌNG GŌNG X DǏNG 下{若>{虫+虫}}雝公{言+{厂0系}+戈}鼎	323	4a	22	丂	kǎo	*khawX	*khūʔ	苦浩	溪晧	s	I	k	幽	A	I	xxxx	A		
137	XIÀ-?RUO YŌNG GŌNG X DǏNG 下{若>{虫+虫}}雝公{言+{厂0系}+戈}鼎	323	4a	22	孝	xiào	*xaewH	*xrūs	呼教	曉效	q	II	k	幽	A					
137	XIÀ-?RUO YŌNG GŌNG X DǏNG 下{若>{虫+虫}}雝公{言+{厂0系}+戈}鼎	323	4a	26	考	kǎo	*khawX	*khūʔ	苦浩	溪晧	s	I	k	幽	A	II	xxxx	A		
137	XIÀ-?RUO YŌNG GŌNG X DǏNG 下{若>{虫+虫}}雝公{言+{厂0系}+戈}鼎	323	5b	30	壽	shòu	*dzyuwX	*duʔ	殖酉	禪有	s	III	k	幽	A	III	xxxx	A		
137	XIÀ-?RUO YŌNG GŌNG X DǏNG 下{若>{虫+虫}}雝公{言+{厂0系}+戈}鼎	323	5g	34	彊	jiāng	*kjang	*kaŋ	居良	見陽	p	III	k	陽	B	IV	xxxx	B		
137	XIÀ-?RUO YŌNG GŌNG X DǏNG 下{若>{虫+虫}}雝公{言+{厂0系}+戈}鼎	323	5g	34	疆	jiāng	*kjang	*kaŋ	居良	見陽	p	III	k	陽	B					
137	XIÀ-?RUO YŌNG GŌNG X DǏNG 下{若>{虫+虫}}雝公{言+{厂0系}+戈}鼎	323	6e	41	用	yòng	*yowngH	*loŋs	余頌	以用	q	III	h	東	b	V	xxxxx	b		
138	SHÀNG-RUÒ ZǏ GĒ 上鄀子戈	323		(1-7)																
138	SHÀNG-RUÒ ZǏ GĒ 上鄀子戈	323	1j	11	王	wáng	*hjwang	*waŋ	雨方	云陽	p	III	h	陽	A	I	xxxx	A		
138	SHÀNG-RUÒ ZǏ GĒ 上鄀子戈	323	1n	15	行	xíng	*haeng	*grāŋ	戶庚	匣庚	p	II	k	陽	A	II	xxxx	A		
139	DÈNG GŌNG SHÈNG DǏNG 鄧公乘鼎	324		(1-7)																
139	DÈNG GŌNG SHÈNG DǏNG 鄧公乘鼎	324	3b	10	壽	shòu	*dzyuwX	*duʔ	殖酉	禪有	s	III	k	幽	A	I	xxx	A		
139	DÈNG GŌNG SHÈNG DǏNG 鄧公乘鼎	324	3d	12	其>日										?	II	xx	B		
139	DÈNG GŌNG SHÈNG DǏNG 鄧公乘鼎	324	3d	12	期	qī	*gi	*g(r)ə	渠之	群之	p	III	k	之	B					
139	DÈNG GŌNG SHÈNG DǏNG 鄧公乘鼎	324	4b	14	保	bǎo	*pawX	*pūʔ	博抱	幫晧	s	I	k	幽	A	III	xx	A		
139	DÈNG GŌNG SHÈNG DǏNG 鄧公乘鼎	324	4b	14	寶	bǎo	*pawX	*pūʔ	博抱	幫晧	s	I	k	幽	A					
139	DÈNG GŌNG SHÈNG DǏNG 鄧公乘鼎	324	4d	16	之	zhī	*tsyi	*tə	止而	章之	p	III	k	之	B	IV	xxxx	B		
140	CÀIHÓU LÚ 蔡侯盧	324-325	2b	8	亥	hài	*hojX	*gēʔ	胡改	匣海	s	I	k	之	A	I	xxxxxxxx	A		
140	CÀIHÓU LÚ 蔡侯盧	324-325	3c	15	命	mìng	*mjaengH	*mriŋ(s)	眉病	明映	q	III	k	真	X	II	xxxxxxx	X		
140	CÀIHÓU LÚ 蔡侯盧	324-325	4a	19	衤+否										?	III	xxxx	X		
140	CÀIHÓU LÚ 蔡侯盧	324-325	4a	19	配	pèi	*phojH	*phə̄ts	滂佩	滂隊	q	I	h	微	X					
140	CÀIHÓU LÚ 蔡侯盧	324-325	4e	23	惕	tì	*thek	*hlēk	他歷	透錫	r	IV	k	錫	X	IV	xxxx	X		
140	CÀIHÓU LÚ 蔡侯盧	324-325	5c	27	子	zǐ	*tsiX	*tsəʔ	即里	精止	s	III	k	之	A	V	xxxx	A		
140	CÀIHÓU LÚ 蔡侯盧	324-325	6e	35	{酉+鹵}>皿										?	VI	xxxxxxxxx	X		
140	CÀIHÓU LÚ 蔡侯盧	324-325	6e	35	盧	lú	*lu	*C-rā	落胡	來模	p	I	h	魚	X					
140	CÀIHÓU LÚ 蔡侯盧	324-325	7c	39	台	yǐ	*yiX	*ləʔ	羊己	以止	s	III	k	之	A	VII	xxxx	A		
140	CÀIHÓU LÚ 蔡侯盧	324-325	7c	39	以	yǐ	*yiX	*ləʔ	羊己	以止	s	III	k	之	A					
140	CÀIHÓU LÚ 蔡侯盧	324-325	8a	43	帝+口										?	VIII	xxxx	X		
140	CÀIHÓU LÚ 蔡侯盧	324-325	8a	43	啻	chì	*syeH	*hles	施智	書寘	q	III	k	佳	X					
140	CÀIHÓU LÚ 蔡侯盧	324-325	8e	47	已	yǐ	*yiX	*ləʔ	羊己	以止	s	III	k	之	A	IX	xxxx	A		
140	CÀIHÓU LÚ 蔡侯盧	324-325	9c	51	肅	sù	*suwk	*siwk	息逐	心屋	r	III	h	覺	B	X	xxxx	B		
140	CÀIHÓU LÚ 蔡侯盧	324-325	10a	55	母	mǔ	*muwX	*m(r)ō/ə̄ʔ	莫厚	明厚	s	I	k	之	A	XI	xxxx	A		
140	CÀIHÓU LÚ 蔡侯盧	324-325	10c	59	舋-且,+丶>貝										?	XII	xxxx	X		
140	CÀIHÓU LÚ 蔡侯盧	324-325	10c	59	亹	wěi	*muj’	*məjʔ	無匪	微	s	III	h	微	X					
140	CÀIHÓU LÚ 蔡侯盧	324-325	11a	63	方+{揚-手}										?	XIII	xxxxx	C		
140	CÀIHÓU LÚ 蔡侯盧	324-325	11a	63	揚	yáng	*yang	*laŋ	與章	以陽	p	III	k	陽	C					
140	CÀIHÓU LÚ 蔡侯盧	324-325	11d	66	遊=	­yóu	*-yuw	*-jū	以周	以尤	p	III	k	幽	b	XIV	xxx	b		
140	CÀIHÓU LÚ 蔡侯盧	324-325	11d	66	攸	yōu	*yuw	*lǐw	以周	以尤	p	III	k	幽	b					
140	CÀIHÓU LÚ 蔡侯盧	324-325	12b	71	商	shāng	*syang	*h(l)aŋ	式羊	書陽	p	III	k	陽	C	XV	xxxx	C		
140	CÀIHÓU LÚ 蔡侯盧	324-325	12b	71	彰	zhāng	*tsyang	*taŋ	諸良	章陽	p	III	k	陽	C					
140	CÀIHÓU LÚ 蔡侯盧	324-325	12f	75	好	hǎo	*xawX	*xūʔ	呼晧	曉晧	s	I	k	幽	D	XVI	xxxx	D		
140	CÀIHÓU LÚ 蔡侯盧	324-325	13d	79	王	wáng	*hjwang	*waŋ	雨方	云陽	p	III	h	陽	C	XVII	xxxx	C		
140	CÀIHÓU LÚ 蔡侯盧	324-325	14b	83	壽	shòu	*dzyuwX	*duʔ	殖酉	禪有	s	III	k	幽	D	XVIII	xxxx	D		
140	CÀIHÓU LÚ 蔡侯盧	324-325	14f	87	昌	chāng	*tɕʰyɨaŋ	*thaŋ	尺良	昌陽	p	III	k	陽	C	XIX	xxxx	C		
140	CÀIHÓU LÚ 蔡侯盧	324-325	15d	91	之	zhī	*tsyi	*tə	止而	章之	p	III	k	之	X	XX	xxxx	X		
140	CÀIHÓU LÚ 蔡侯盧	324-325	16b	95	疆	jiāng	*kjang	*kaŋ	居良	見陽	p	III	k	陽	C	XXI	xxxx	C		
141	CÀIHÓU ZHŌNG 蔡侯鐘	326-327		(1-4)																
141	CÀIHÓU ZHŌNG 蔡侯鐘	326-327	1h	8	庚	gēng	*kaeng	*krāŋ	古行	見庚	p	II	k	陽	A	I	xxxx	A		
141	CÀIHÓU ZHŌNG 蔡侯鐘	326-327	2a	12	曰	yuē	*hjwot	*wat	王伐	云月	r	III	h	月	X	II	xxxx	X		
141	CÀIHÓU ZHŌNG 蔡侯鐘	326-327	3b	17	子	zǐ	*tsiX	*tsəʔ	即里	精止	s	III	k	之	X	III	xxxxx	X		
141	CÀIHÓU ZHŌNG 蔡侯鐘	326-327	4b	22	忘	wàng	*mjangH	*maŋ	巫放	微漾	q	III	k	陽	A	IV	xxxxx	A		
141	CÀIHÓU ZHŌNG 蔡侯鐘	326-327	5a	26	易	yì	*yek	*lek	羊益	以昔	r	III	k	錫	X	V	xxxx	X		
141	CÀIHÓU ZHŌNG 蔡侯鐘	326-327	6a	30	王	wáng	*hjwang	*waŋ	雨方	云陽	p	III	h	陽	A	VI	xxxx	A		
141	CÀIHÓU ZHŌNG 蔡侯鐘	326-327	6d	34	政	zhèng	*tsjengH	*teŋs	之盛	章勁	q	III	k	耕	X	VII	xxxx	X		
141	CÀIHÓU ZHŌNG 蔡侯鐘	326-327	6h	38	辶+{匚+{止>土}										?	VIII	xxxx	A		
141	CÀIHÓU ZHŌNG 蔡侯鐘	326-327	6h	38	廣	guǎng	*kwaŋ’	*kʷāŋʔ	古晃	見蕩	s	I	h	陽	A					
141	CÀIHÓU ZHŌNG 蔡侯鐘	326-327	7a	42	邦	bāng	*paewng	*prōŋ	博江	幫江	p	II	k	東	A	IX	xxxx	A		
141	CÀIHÓU ZHŌNG 蔡侯鐘	326-327	7e	46	慶	qìng	*khjaengH	*khraŋs	丘敬	溪映	q	III	k	陽	A	X	xxxx	A		
141	CÀIHÓU ZHŌNG 蔡侯鐘	326-327	7i	50	心	xīn	*sim	*səm	息林	心侵	p	III	k	侵	X	XI	xxxx	X		
141	CÀIHÓU ZHŌNG 蔡侯鐘	326-327	8b	54	言+{德-ㄔ}										?	XII	xxxx	B		
141	CÀIHÓU ZHŌNG 蔡侯鐘	326-327	8b	54	德	dé	*tok	*tə̄k	多則	端德	r	I	k	職	B					
141	CÀIHÓU ZHŌNG 蔡侯鐘	326-327	9b	58	夫	fū	*pa	*p(r)a	甫無	幫虞	p	III	h	魚	X	XIII	xxxx	X		
141	CÀIHÓU ZHŌNG 蔡侯鐘	326-327	9e	62	國	guó	*kwok	*kʷə̄k	古或	見德	r	I	h	職	B	XIV	xxxx	B		
141	CÀIHÓU ZHŌNG 蔡侯鐘	326-327	10c	66	目>胃=										?	XV	xxxx	X		
141	CÀIHÓU ZHŌNG 蔡侯鐘	326-327	10c	66	祗=	­zhī	*-tɕi	*­təj	旨夷	章脂	p	III	k	微	X					
141	CÀIHÓU ZHŌNG 蔡侯鐘	326-327	11b	70	貣	tè	*thok	*hlə̄k	他德	透德	r	I	k	職	B	XVI	xxxx	B		
141	CÀIHÓU ZHŌNG 蔡侯鐘	326-327	11b	70	忒	tè	*thok	*hlə̄k	他德	透德	r	I	k	職	B					
141	CÀIHÓU ZHŌNG 蔡侯鐘	326-327	12b	74	鐘	zhōng	*tsyowng	*toŋ	職容	章鍾	p	III	h	東	X	XVII	xxxx	X		
141	CÀIHÓU ZHŌNG 蔡侯鐘	326-327	12f	78	其>日	jī	*ki	*k(r)ə	居其	見之	p	III	k	之	b	XVIII	xxxx	b		
141	CÀIHÓU ZHŌNG 蔡侯鐘	326-327	12f	78	期	qī	*gi	*g(r)ə	渠之	群之	p	III	k	之	b					
141	CÀIHÓU ZHŌNG 蔡侯鐘	326-327	12j	82	之	zhī	*tsyi	*tə	止而	章之	p	III	k	之	b	XIX	xxxx	b		
142	ZHÈNG YÍ BÓ ZUÒ JÌJIĀNG LÍNG 鄭義伯作季姜{缶+{⺥>霝}}	327	1g	7	缶+霝	líng	*leng	*C-rēŋ	郎丁	來青	p	IV	k	耕	A	I	xxxxxxx	A		
142	ZHÈNG YÍ BÓ ZUÒ JÌJIĀNG LÍNG 鄭義伯作季姜{缶+{⺥>霝}}	327	1k	11	征	zhēng	*tsyeng	*teŋ	諸盈	章清	p	III	k	耕	A	II	xxxx	A		
142	ZHÈNG YÍ BÓ ZUÒ JÌJIĀNG LÍNG 鄭義伯作季姜{缶+{⺥>霝}}	327	1o	15	浩	hào	*xawX	*gū(k)ʔ	胡老	匣晧	s	I	k	幽	B	III	xxxx	B		
142	ZHÈNG YÍ BÓ ZUÒ JÌJIĀNG LÍNG 鄭義伯作季姜{缶+{⺥>霝}}	327	1	22	囗										?	IV	xxxxxxx	?		
142	ZHÈNG YÍ BÓ ZUÒ JÌJIĀNG LÍNG 鄭義伯作季姜{缶+{⺥>霝}}	327	1	25	獸	shòu	*syuwH	*stus	舒救	書宥	q	III	k	幽	B	V	xxx	B		
142	ZHÈNG YÍ BÓ ZUÒ JÌJIĀNG LÍNG 鄭義伯作季姜{缶+{⺥>霝}}	327	1	29	壽	shòu	*dzyuwX	*duʔ	殖酉	禪有	s	III	k	幽	B	VI	xxxx	B		
142	ZHÈNG YÍ BÓ ZUÒ JÌJIĀNG LÍNG 鄭義伯作季姜{缶+{⺥>霝}}	327	1	34	寶	bǎo	*pawX	*pūʔ	博抱	幫晧	s	I	k	幽	B	VII	xxxxx	B		
143	ZǏ ZHĀNG ZHŌNG 子璋鐘	328		(1-22)																
143	ZǏ ZHĀNG ZHŌNG 子璋鐘	328	6c	26	喜	xǐ	*xiX	*x(r)əʔ	虛里	曉止	s	III	k	之	A	I	xxxx	A		
143	ZǏ ZHĀNG ZHŌNG 子璋鐘	328	8a	32	士	shì	*dzriX	*ɦsrəʔ(s)	鉏里	崇止	s	III	k	之	A	II	xxxxxx	A		
143	ZǏ ZHĀNG ZHŌNG 子璋鐘	328	9b	37	基	jī	*ki	*k(r)ə	居之	見之	p	III	k	之	A	III	xxxxx	A		
143	ZǏ ZHĀNG ZHŌNG 子璋鐘	328	9b	37	期	qī	*gi	*g(r)ə	渠之	群之	p	III	k	之	A					
143	ZǏ ZHĀNG ZHŌNG 子璋鐘	328	9d	41	孫=	-sūn	*-swon	*-sūn	思渾	心魂	p	I	h	文	X	IV	xxxx	X		
143	ZǏ ZHĀNG ZHŌNG 子璋鐘	328	10d	45	之	zhī	*tsyi	*tə	止而	章之	p	III	k	之	A	V	xxxx	A		
144	XǓ ZǏ PÍNG 許子缾	328-329		(1-19)																
144	XǓ ZǏ PÍNG 許子缾	328-329	5a	23	方+{揚-手}										?	I	xxxx	A		
144	XǓ ZǏ PÍNG 許子缾	328-329	5a	23	揚	yáng	*yang	*laŋ	與章	以陽	p	III	k	陽	A					
144	XǓ ZǏ PÍNG 許子缾	328-329	6a	27	兄+光										?	II	xxxx	A		
144	XǓ ZǏ PÍNG 許子缾	328-329	6a	27	皇	huáng	*hwang	*wāŋ	胡光	匣唐	p	I	h	陽	A					
144	XǓ ZǏ PÍNG 許子缾	328-329	6e	31	鐘	zhōng	*tsyowng	*toŋ	職容	章鍾	p	III	h	東	a	III	xxxx	a		
144	XǓ ZǏ PÍNG 許子缾	328-329	7e	35	喜	xǐ	*xiX	*x(r)əʔ	虛里	曉止	s	III	k	之	B	IV	xxxx	B		
144	XǓ ZǏ PÍNG 許子缾	328-329	8g	43	友	yǒu	*hjuwX	*wəʔ	云久	云有	s	III	k	之	B	V	xxxxxxxx 	B		
144	XǓ ZǏ PÍNG 許子缾	328-329	9b	47	走+{臣+已}=										?	VI	xxxx	B		
144	XǓ ZǏ PÍNG 許子缾	328-329	9b	47	熙=	­xī	*-xi	*-x(r)ə	許其	曉之	p	III	k	之	B					
144	XǓ ZǏ PÍNG 許子缾	328-329	10b	51	諆	qī	*khi	*kh(r)ə	去基	溪之	p	III	k	之	B	VII	xxxx	B		
144	XǓ ZǏ PÍNG 許子缾	328-329	10b	51	期	qī	*gi	*g(r)ə	渠之	群之	p	III	k	之	B					
144	XǓ ZǏ PÍNG 許子缾	328-329	11b	55	已	yǐ	*yiX	*ləʔ	羊己	以止	s	III	k	之	B	VIII	xxxx	B		
144	XǓ ZǏ PÍNG 許子缾	328-329	11e	59	孫=	-sūn	*-swon	*-sūn	思渾	心魂	p	I	h	文	X	IX	xxxx	X		
144	XǓ ZǏ PÍNG 許子缾	328-329	12d	63	之	zhī	*tsyi	*tə	止而	章之	p	III	k	之	B	X	xxxx	B		
145	ZHÈNG DÀ SÍGŌNG FǓ 鄭大司公簠	329-330		(1-12)																
145	ZHÈNG DÀ SÍGŌNG FǓ 鄭大司公簠	329-330	5a	16	孝	xiào   	*xaewH   	*xrūs  	呼教  	曉效 	q	II	k	幽	A	I	xxxx	A		
145	ZHÈNG DÀ SÍGŌNG FǓ 鄭大司公簠	329-330	6a	20	壽	shòu	*dzyuwX	*duʔ	殖酉	禪有	s	III	K	幽	A	II	xxxx	A		
145	ZHÈNG DÀ SÍGŌNG FǓ 鄭大司公簠	329-330	6c	24	孫=	-sūn	*-swon	*-sūn	思渾	心魂	p	I	H	文	X	III	xxxx	X		
145	ZHÈNG DÀ SÍGŌNG FǓ 鄭大司公簠	329-330	7c	28	保	bǎo	*pawX	*pūʔ	博抱	幫晧	s	I	K	幽	A	IV	xxxx	A		
146	CHÉN GŌNGZǏ YǍN 陳公子甗	330		(1-17)																
146	CHÉN GŌNGZǏ YǍN 陳公子甗	330	4b	21	行	xíng	*haeng	*grāŋ	戶庚	匣庚	p	II	k	陽	A	I	xxxx	A		
146	CHÉN GŌNGZǏ YǍN 陳公子甗	330	4f	25	粱	liáng	*ljang	*C-raŋ	呂張	來陽	p	III	k	陽	A	II	xxxx	A		
146	CHÉN GŌNGZǏ YǍN 陳公子甗	330	6b	33	彊	jiāng	*kjang	*kaŋ	居良	見陽	p	III	k	陽	A	III	xxxxxxxx	A		
146	CHÉN GŌNGZǏ YǍN 陳公子甗	330	6g	38	尚	shàng	*dzyangH	*daŋs	時亮	禪漾	q	III	k	陽	A	IV	xxxxx	A		
146	CHÉN GŌNGZǏ YǍN 陳公子甗	330	6g	38	常	cháng	*dzyang	*daŋ	市羊	禪陽	p	III	k	陽	A					
147	SHŪ ZHÈN GUǏ 叔朕簋	330-331	2a	7	午	wǔ	*nguX	*ŋāʔ	疑古	疑姥	s	I	h	魚	A	I	xxxxxxx	A		
147	SHŪ ZHÈN GUǏ 叔朕簋	330-331	3a	13	金	jīn	*kim	*k(r)əm	居吟	見侵	p	III	k	侵	X	II	xxxxxx	X		
147	SHŪ ZHÈN GUǏ 叔朕簋	330-331	3e	17	匚+古										?	III	xxxx	A		
147	SHŪ ZHÈN GUǏ 叔朕簋	330-331	3e	17	簠	fǔ	*pjuX	*p(r)aʔ	方矩	非麌	s	III	h	魚	A					
147	SHŪ ZHÈN GUǏ 叔朕簋	330-331	4c	21	梁	liáng	*ljang	*C-raŋ	呂張	來陽	p	III	k	陽	B	IV	xxxx	B		
147	SHŪ ZHÈN GUǏ 叔朕簋	330-331	5a	25	彊	jiāng	*kjang	*kaŋ	居良	見陽	p	III	k	陽	B	V	xxxx	B		
147	SHŪ ZHÈN GUǏ 叔朕簋	330-331	5a	25	疆	jiāng	*kjang	*kaŋ	居良	見陽	p	III	k	陽	B					
147	SHŪ ZHÈN GUǏ 叔朕簋	330-331	5c	29	壽	shòu	*dzyuwX	*duʔ	殖酉	禪有	s	III	k	幽	X	VI	xxxx	X		
147	SHŪ ZHÈN GUǏ 叔朕簋	330-331	6e	36	用	yòng	*yowngH	*loŋs	余頌	以用	q	III	h	東	b	VII	xxxx	b		
148	SŪN LÍN GUǏ 孫林簋	331	2a	6	𣪘											I	xxxxxx	A		
148	SŪN LÍN GUǏ 孫林簋	331	2a	6	簋	guǐ	*kwijX	*kʷruʔ	居洧	見旨	s	III	h	幽	A					
148	SŪN LÍN GUǏ 孫林簋	331	2e	10	孝	xiào	*xaewH	*xrūs	呼教	曉效	q	II	k	幽	A	II	xxxx	A		
148	SŪN LÍN GUǏ 孫林簋	331	3c	13	壽	shòu	*dzyuwX	*duʔ	殖酉	禪有	s	III	k	幽	A	III	xxx	A		
148	SŪN LÍN GUǏ 孫林簋	331	4d	21	用	yòng	*yowngH	*loŋs	余頌	以用	q	III	h	東	X	IV	xxxxxxx	X		
149	ZĒNG ZǏ YÓU DǏNG 曾子斿鼎	332		(1-17)																
149	ZĒNG ZǏ YÓU DǏNG 曾子斿鼎	332	3c	20	戕>口										?	I	xxx	A		
149	ZĒNG ZǏ YÓU DǏNG 曾子斿鼎	332	3c	20	藏	cáng	*dzaŋ	*ɦsrāŋ	昨郎	從唐	p	I	k	陽	A					
149	ZĒNG ZǏ YÓU DǏNG 曾子斿鼎	332	3h	25	民	mín	*mjin	*min	彌鄰	明真	p	III	k	真	X	II	xxxxx	A		
149	ZĒNG ZǏ YÓU DǏNG 曾子斿鼎	332	3h	25	氓	máng	*meang	*mrāŋ	莫耕	明耕	p	II	k	陽	A					
149	ZĒNG ZǏ YÓU DǏNG 曾子斿鼎	332	4e	20	囗										?	III	xxxx	?		
149	ZĒNG ZǏ YÓU DǏNG 曾子斿鼎	332	4i	35	國	guó	*kwok	*kʷə̄k	古或	見德	r	I	h	職	X	IV	xxxxxx	X		
149	ZĒNG ZǏ YÓU DǏNG 曾子斿鼎	332	5d	39	亯	xiǎng	*xjangX	*xaŋʔ	許兩	曉養	s	III	k	陽	A	V	xxxx	A		
149	ZĒNG ZǏ YÓU DǏNG 曾子斿鼎	332	5d	39	享	xiǎng	*xjangX	*xaŋʔ	許兩	曉養	s	III	k	陽	A					
149	ZĒNG ZǏ YÓU DǏNG 曾子斿鼎	332	5h	43	鄉	xiāng	*xjang	*xaŋ	許良	曉陽	p	III	k	陽	A	VI	xxxx	A		
149	ZĒNG ZǏ YÓU DǏNG 曾子斿鼎	332	5h	43	嚮	xiàng	*xjangH	*xaŋs	許亮	曉漾	q	III	k	陽	A					
150	ZĒNG BÓ ?LÌ FǓGÀI 曾伯{雨>來}簠蓋	332-333	1h	8	午	wǔ	*nguX	*ŋāʔ	疑古	疑姥	s	I	h	魚	A	I	xxxxxxxx	A		
150	ZĒNG BÓ ?LÌ FǓGÀI 曾伯{雨>來}簠蓋	332-333	2g	15	武	wǔ	*mjuX	*Np(r)aʔ	文甫	明麌	s	III	h	魚	A	II	xxxxxxx	A		
150	ZĒNG BÓ ?LÌ FǓGÀI 曾伯{雨>來}簠蓋	332-333	3a	19	黹	zhǐ	*trijX	*trijʔ	豬几	知旨	s	III	k	脂	b	III	xxxx	b		
150	ZĒNG BÓ ?LÌ FǓGÀI 曾伯{雨>來}簠蓋	332-333	3a	19	致	zhì	*trijH	*trits	陟利	知至	q	III	k	質	b					
150	ZĒNG BÓ ?LÌ FǓGÀI 曾伯{雨>來}簠蓋	332-333	3e	23	尸	shī	*syij	*hlij	式脂	書脂	p	III	k	脂	b	IV	xxxx	B		
150	ZĒNG BÓ ?LÌ FǓGÀI 曾伯{雨>來}簠蓋	332-333	3e	23	夷	yí	*yij	*ləj	以脂	以脂	p	III	k	脂	B					
150	ZĒNG BÓ ?LÌ FǓGÀI 曾伯{雨>來}簠蓋	332-333	4a	27	湯	tāng	*thang	*hlāŋ	吐郎	透唐	p	I	k	陽	C	V	xxxx	C		
150	ZĒNG BÓ ?LÌ FǓGÀI 曾伯{雨>來}簠蓋	332-333	4a	27	陽	yáng	*yang	*laŋ	與章	以陽	p	III	k	陽	C					
150	ZĒNG BÓ ?LÌ FǓGÀI 曾伯{雨>來}簠蓋	332-333	4e	31	行	xíng	*haeng	*grāŋ	戶庚	匣庚	p	II	k	陽	C	VI	xxxx	C		
150	ZĒNG BÓ ?LÌ FǓGÀI 曾伯{雨>來}簠蓋	332-333	5a	35	方	fāng	*pjang	*paŋ	府良	非陽	p	III	h	陽	C	VII	xxxxxxx	C		
150	ZĒNG BÓ ?LÌ FǓGÀI 曾伯{雨>來}簠蓋	332-333	5a	35	滂	pāng	*phang	*phāŋ	普郎	滂唐	p	I	k	陽	C					
150	ZĒNG BÓ ?LÌ FǓGÀI 曾伯{雨>來}簠蓋	332-333	5h	42	金+膚	lú	*ljoH	*C-ras	良倨	來御	q	III	h	魚	A	VIII	xxxxxx	A		
150	ZĒNG BÓ ?LÌ FǓGÀI 曾伯{雨>來}簠蓋	332-333	6f	48	匚+古										?	IX	xxxxxx	A		
150	ZĒNG BÓ ?LÌ FǓGÀI 曾伯{雨>來}簠蓋	332-333	6f	48	簠	fǔ	*pjuX	*p(r)aʔ	方矩	非麌	s	III	h	魚	A					
150	ZĒNG BÓ ?LÌ FǓGÀI 曾伯{雨>來}簠蓋	332-333	7b	52	行	xíng	*haeng	*grāŋ	戶庚	匣庚	p	II	k	陽	C	X	xxxx	C		
150	ZĒNG BÓ ?LÌ FǓGÀI 曾伯{雨>來}簠蓋	332-333	7f	56	粱	liáng	*ljang	*C-raŋ	呂張	來陽	p	III	k	陽	C	XI	xxxx	C		
150	ZĒNG BÓ ?LÌ FǓGÀI 曾伯{雨>來}簠蓋	332-333	8b	60	亯	xiǎng	*xjangX	*xaŋʔ	許兩	曉養	s	III	k	陽	C	XII	xxxxx	C		
150	ZĒNG BÓ ?LÌ FǓGÀI 曾伯{雨>來}簠蓋	332-333	8b	60	享	xiǎng	*xjangX	*xaŋʔ	許兩	曉養	s	III	k	陽	C					
150	ZĒNG BÓ ?LÌ FǓGÀI 曾伯{雨>來}簠蓋	332-333	8g	65	考	kǎo	*khawX	*khūʔ	苦浩	溪晧	s	I	k	幽	D	XIII	xxxx	D		
150	ZĒNG BÓ ?LÌ FǓGÀI 曾伯{雨>來}簠蓋	332-333	9c	69	福	fú	*pjuwk	*pək	方六	非屋	r	III	h	職	d	XIV	xxxxxxxx	d		
150	ZĒNG BÓ ?LÌ FǓGÀI 曾伯{雨>來}簠蓋	332-333	10c	77	年	nián	*nen	*nīn	奴顛	泥先	p	IV	k	真	E	XV	xxxx	E		
150	ZĒNG BÓ ?LÌ FǓGÀI 曾伯{雨>來}簠蓋	332-333	10g	81	疆	jiāng	*kjang	*kaŋ	居良	見陽	p	III	k	陽	F	XVI	xxxx	F		
150	ZĒNG BÓ ?LÌ FǓGÀI 曾伯{雨>來}簠蓋	332-333	11a	85	孫=	-sūn	*-swon	*-sūn	思渾	心魂	p	I	h	文	e	XVII	xxxxx	E		
150	ZĒNG BÓ ?LÌ FǓGÀI 曾伯{雨>來}簠蓋	332-333	11f	90	亯	xiǎng	*xjangX	*xaŋʔ	許兩	曉養	s	III	k	陽	F	XVIII	xxxxx	F		
151	ZĒNG ZǏ ZHŌNGXUĀN DǏNG 曾子仲宣鼎	334		(1-13)																
151	ZĒNG ZǏ ZHŌNGXUĀN DǏNG 曾子仲宣鼎	334	3d	15	喪	sàng	*sangH	*smāŋs	蘇浪	心宕	q	I	k	陽	A	I	xx	A		
151	ZĒNG ZǏ ZHŌNGXUĀN DǏNG 曾子仲宣鼎	334	5a	21	兄	xiōng	*xjwaeng	*hwraŋ	許榮	曉庚	p	III	h	陽	A	II	xxxxxx	A		
151	ZĒNG ZǏ ZHŌNGXUĀN DǏNG 曾子仲宣鼎	334	6a	26	彊	jiāng	*kjang	*kaŋ	居良	見陽	p	III	k	陽	A	III	xxxxx	A		
151	ZĒNG ZǏ ZHŌNGXUĀN DǏNG 曾子仲宣鼎	334	6a	26	疆	jiāng	*kjang	*kaŋ	居良	見陽	p	III	k	陽	A					
151	ZĒNG ZǏ ZHŌNGXUĀN DǏNG 曾子仲宣鼎	334	6a	30	孫=	-sūn	*-swon	*-sūn	思渾	心魂	p	I	h	文	X	IV	xxxx	X		
151	ZĒNG ZǏ ZHŌNGXUĀN DǏNG 曾子仲宣鼎	334	6g	34	亯	xiǎng	*xjangX	*xaŋʔ	許兩	曉養	s	III	k	陽	A	V	xxxx	A		
151	ZĒNG ZǏ ZHŌNGXUĀN DǏNG 曾子仲宣鼎	334	6g	34	享	xiǎng	*xjangX	*xaŋʔ	許兩	曉養	s	III	k	陽	A					
152	ZĒNG JÍ WÚXÙ HÚ 曾姬無卹壺	334-335		(1-7)																
152	ZĒNG JÍ WÚXÙ HÚ 曾姬無卹壺	334-335	2g	15	卹	xù	*swit	*swit	辛聿	心術	r	III	h	質	A	I	xx	A		
152	ZĒNG JÍ WÚXÙ HÚ 曾姬無卹壺	334-335	2d	21	陵	líng	*ling	*b-rəŋ	力膺	來蒸	p	III	k	蒸	X	II	xxxxxx	A		
152	ZĒNG JÍ WÚXÙ HÚ 曾姬無卹壺	334-335	4a	26	匹+馬										?	III	xxxxx	A		
152	ZĒNG JÍ WÚXÙ HÚ 曾姬無卹壺	334-335	4a	26	匹	pǐ	*phjit	*phit	譬吉	滂質	r	III	k	質	A					
152	ZĒNG JÍ WÚXÙ HÚ 曾姬無卹壺	334-335	4g	32	壺	hú	*hu	*g/ɦā	戶吳	匣模	p	I	h	魚	X	IV	xxxx	X		
152	ZĒNG JÍ WÚXÙ HÚ 曾姬無卹壺	334-335	5g	40	室	shì	*syit	*stit	式質	書質	r	III	k	質	A	V	xxxx	A		
153	ZHŪ GŌNG KĒNG ZHŌNG 邾公牼鐘	335		(1-17)																
153	ZHŪ GŌNG KĒNG ZHŌNG 邾公牼鐘	335	3c	21	呂	lǚ	*ljoH	*g-ras	良倨	來御	q	III	h	魚	A	I	xxxx	A		
153	ZHŪ GŌNG KĒNG ZHŌNG 邾公牼鐘	335	3c	21	鋁	lǚ	*ljoH	*g-ras	良倨	來御	q	III	h	魚	A					
153	ZHŪ GŌNG KĒNG ZHŌNG 邾公牼鐘	335	3g	25	鐘	zhōng	*tsyowng	*toŋ	職容	章鍾	p	III	h	東	X	II	xxxx	X		
153	ZHŪ GŌNG KĒNG ZHŌNG 邾公牼鐘	335	4f	31	忌	jì	*giH	*g(r)ə(ʔ)s	渠記	群志	q	III	k	之	a	III	xxxxxx	a		
153	ZHŪ GŌNG KĒNG ZHŌNG 邾公牼鐘	335	5f	37	全+者										?	IV	xxxxxx	A		
153	ZHŪ GŌNG KĒNG ZHŌNG 邾公牼鐘	335	5f	37	堵	dǔ	*tuX	*tāʔ	當古	端姥	s	I	h	魚	A					
153	ZHŪ GŌNG KĒNG ZHŌNG 邾公牼鐘	335	7d	41	身	shēn	*syin	*hlin	失人	書真	p	III	k	真	B	V	xxxx	B		
153	ZHŪ GŌNG KĒNG ZHŌNG 邾公牼鐘	335	7h	45	夫	fū	*pa	*p(r)a	甫無	幫虞	p	III	h	魚	A	VI	xxxx	A		
153	ZHŪ GŌNG KĒNG ZHŌNG 邾公牼鐘	335	7e	49	士	shì	*dzriX	*ɦsrəʔ(s)	鉏里	崇止	s	III	k	之	a	VII	xxxx	a		
153	ZHŪ GŌNG KĒNG ZHŌNG 邾公牼鐘	335	6a	53	年	nián	*nen	*nīn	奴顛	泥先	p	IV	k	真	B	VIII	xxxx	B		
153	ZHŪ GŌNG KĒNG ZHŌNG 邾公牼鐘	335	6e	57	寺	sì	*ziH	*sdəs	祥吏	邪志	q	III	k	之	a	IX	xxxx	a		
154	ZHŪ GŌNG HUÁ ZHŌNG 邾公華鐘	336		(1-29)																
154	ZHŪ GŌNG HUÁ ZHŌNG 邾公華鐘	336	5a	36	忌	jì	*giH	*g(r)əʔ(s)	渠記	群志	q	III	k	之	A	I	xxxxxxx	A		
154	ZHŪ GŌNG HUÁ ZHŌNG 邾公華鐘	336	6d	43	身	shēn	*syin	*hlin	失人	書真	p	III	k	真	B	II	xxxxxxx	B		
154	ZHŪ GŌNG HUÁ ZHŌNG 邾公華鐘	336	6h	47	鐘	zhōng	*tsyowng	*toŋ	職容	章鍾	p	III	h	東	X	III	xxxx	X		
154	ZHŪ GŌNG HUÁ ZHŌNG 邾公華鐘	336	7g	54	祀	sì	*ziX	*zə(k)ʔ	詳里	邪止	s	III	k	之	A	IV	xxxxxxx	A		
154	ZHŪ GŌNG HUÁ ZHŌNG 邾公華鐘	336	8c	58	夫	fū	*pju	*p(r)a	甫無	幫虞	p	III	h	魚	a	V	xxxx	a		
154	ZHŪ GŌNG HUÁ ZHŌNG 邾公華鐘	336	9d	63	子	zǐ	*tsiX	*tsəʔ	即里	精止	s	III	k	之	A	VI	xxxxx	A		
154	ZHŪ GŌNG HUÁ ZHŌNG 邾公華鐘	336	10d	67	名	míng	*mjiaŋ	*meŋ	武并	明清	p	III	k	耕	b	VII	xxxx	b		
154	ZHŪ GŌNG HUÁ ZHŌNG 邾公華鐘	336	11b	71	舊	jiù	*gjuwH	*gʷə(ʔ)s	巨救	群宥	q	III	k	之	A	VIII	xxxx	A		
154	ZHŪ GŌNG HUÁ ZHŌNG 邾公華鐘	336	11f	75	壽	shòu	*dzyuwX	*duʔ	殖酉	禪有	s	III	k	幽	C	IX	xxxx	C		
154	ZHŪ GŌNG HUÁ ZHŌNG 邾公華鐘	336	12d	79	保	bǎo	*pawX	*pūʔ	博抱	幫晧	s	I	k	幽	C	X	xxxx	C		
154	ZHŪ GŌNG HUÁ ZHŌNG 邾公華鐘	336	12i	84	疆	jiāng	*kjang	*kaŋ	居良	見陽	p	III	k	陽	D	XI	xxxxx	D		
154	ZHŪ GŌNG HUÁ ZHŌNG 邾公華鐘	336	12o	92	亯	xiǎng	*xjangX	*xaŋʔ	許兩	曉養	s	III	k	陽	D	XII	xxxxxxxx	D		
154	ZHŪ GŌNG HUÁ ZHŌNG 邾公華鐘	336	12o	92	享	xiǎng	*xjangX	*xaŋʔ	許兩	曉養	s	III	k	陽	D					
155	ZHŪ SHŪ ZHǏ BÓ ZHŌNG 鼄叔止白鐘	337		(1-30)																
155	ZHŪ SHŪ ZHǏ BÓ ZHŌNG 鼄叔止白鐘	337	7h	34	壽	shòu	*dzyuwX	*duʔ	殖酉	禪有	s	III	k	幽	A	I	xxxx	A		
155	ZHŪ SHŪ ZHǏ BÓ ZHŌNG 鼄叔止白鐘	337	7j	36	疆	jiāng	*kjang	*kaŋ	居良	見陽	p	III	k	陽	B	II	xx	B		
155	ZHŪ SHŪ ZHǏ BÓ ZHŌNG 鼄叔止白鐘	337	6b	40	孫=	­sūn	*-swon	*-sūn	思渾	心魂	p	I	h	文	X	III	xxxx	X		
155	ZHŪ SHŪ ZHǏ BÓ ZHŌNG 鼄叔止白鐘	337	5a	42	人+{呆>貝}										?	IV	xx	A		
155	ZHŪ SHŪ ZHǏ BÓ ZHŌNG 鼄叔止白鐘	337	5a	42	寶	bǎo	*pawX	*pūʔ	博抱	幫晧	s	I	k	幽	A					
155	ZHŪ SHŪ ZHǏ BÓ ZHŌNG 鼄叔止白鐘	337	5c	44	亯	xiǎng	*xjangX	*xaŋʔ	許兩	曉養	s	III	k	陽	B	V	xx	B		
155	ZHŪ SHŪ ZHǏ BÓ ZHŌNG 鼄叔止白鐘	337	5c	44	享	xiǎng	*xjangX	*xaŋʔ	許兩	曉養	s	III	k	陽	B					
156	ZHŪ TÀIZǍI FǓ 邾大宰簠	338		(1-15)																
156	ZHŪ TÀIZǍI FǓ 邾大宰簠	338	3d	20	惠	huì	*hwejH	*wēts	荒由	曉隊	q	I	h	脂	a	I	xxxxx	a		
156	ZHŪ TÀIZǍI FǓ 邾大宰簠	338	4c	25	食+{十>艹>大>十}	fēn	*pjun	*pən	府文	非文	p	III	h	文	B	II	xxxxx	B		
156	ZHŪ TÀIZǍI FǓ 邾大宰簠	338	5b	29	已>其	jì	*gijX	*g(r)əʔ	暨几	群旨	s	III	k	之	A	III	xxxx	A		
156	ZHŪ TÀIZǍI FǓ 邾大宰簠	338	5b	29	期	qī	*gi	*g(r)ə	渠之	群之	p	III	k	之	A					
156	ZHŪ TÀIZǍI FǓ 邾大宰簠	338	5f	33	孫=	-sūn	*-swon	*-sūn	思渾	心魂	p	I	h	文	B	IV	xxxx	B		
156	ZHŪ TÀIZǍI FǓ 邾大宰簠	338	5j	37	之	zhī	*tsyi	*tə	止而	章之	p	III	k	之	A	V	xxxx	A		
157	SHÍ QIǍN GUǏ 邿遣簋	338	1e	5	𣪘										?	I	xxxxx	A		
157	SHÍ QIǍN GUǏ 邿遣簋	338	1e	5	簋	guǐ	*kwijX	*kʷruʔ	居洧	見旨	s	III	h	幽	A					
157	SHÍ QIǍN GUǏ 邿遣簋	338	3b	12	母	mǔ	*muwX	*m(r)ō/ə̄ʔ	莫厚	明厚	s	I	k	之	a	II	xxxxxxx	a		
157	SHÍ QIǍN GUǏ 邿遣簋	338	4a	16	壽	shòu	*dzyuwX	*duʔ	殖酉	禪有	s	III	k	幽	A	III	xxxx	A		
157	SHÍ QIǍN GUǏ 邿遣簋	338	4c	20	孫=	-sūn	*-swon	*-sūn	思渾	心魂	p	I	h	文	X	IV	xxxx	X		
157	SHÍ QIǍN GUǏ 邿遣簋	338	5b	24	亯	xiǎng	*xjangX	*xaŋʔ	許兩	曉養	s	III	k	陽	X	V	xxxx	X		
157	SHÍ QIǍN GUǏ 邿遣簋	338	5b	24	享	xiǎng	*xjangX	*xaŋʔ	許兩	曉養	s	III	k	陽	X					
158	QǏ BÓZǏ X-FÙ XǓ {已>其}伯子{宀>{女+玉}}父盨	339		(1-9)																
158	QǏ BÓZǏ X-FÙ XǓ {已>其}伯子{宀>{女+玉}}父盨	339	3c	13	陽	yáng	*yang	*laŋ	與章	以陽	p	III	k	陽	A	I	xxxx	A		
158	QǏ BÓZǏ X-FÙ XǓ {已>其}伯子{宀>{女+玉}}父盨	339	4a	17	行	xíng	*haeng	*grāŋ	戶庚	匣庚	p	II	k	陽	A	II	xxxx	A		
158	QǏ BÓZǏ X-FÙ XǓ {已>其}伯子{宀>{女+玉}}父盨	339	5a	22	彊	jiāng	*kjang	*kaŋ	居良	見陽	p	III	k	陽	A	III	xxxxx	A		
158	QǏ BÓZǏ X-FÙ XǓ {已>其}伯子{宀>{女+玉}}父盨	339	5a	22	疆	jiāng	*kjang	*kaŋ	居良	見陽	p	III	k	陽	A					
158	QǏ BÓZǏ X-FÙ XǓ {已>其}伯子{宀>{女+玉}}父盨	339	5e	26	臧	zāng	*tsaŋ	*tsāŋ	則郎	經唐	p	I	k	陽	A	IV	xxxx	A		
159	QǏ GŌNG YÍ {已>其}公匜	339-340		(1-10)																
159	QǏ GŌNG YÍ {已>其}公匜	339-340	3d	14	年	nián	*nen	*nīn	奴顛	泥先	p	IV	k	真	A	I	xxxx	A		
159	QǏ GŌNG YÍ {已>其}公匜	339-340	4c	18	身	shēn	*syin	*hlin	失人	書真	p	III	k	真	A	II	xxxx	A		
159	QǏ GŌNG YÍ {已>其}公匜	339-340	4e	20	熙=	­xī	*-xi	*-x(r)ə	許其	曉之	p	III	k	之	B	III	xx	B		
159	QǏ GŌNG YÍ {已>其}公匜	339-340	5d	24	其>口										?	IV	xxxx	B		
159	QǏ GŌNG YÍ {已>其}公匜	339-340	5d	24	期	qī	*gi	*g(r)ə	渠之	群之	p	III	k	之	B					
159	QǏ GŌNG YÍ {已>其}公匜	339-340	6e	30	之	zhī	*tsyi	*tə	止而	章之	p	III	k	之	B	V	xxxxxxx	B		
160	QÍ (YÍNG) JÍ (ZHÍ ZHÍ ) PÁN 齊（縈）姞（之{女+{晶>宜}}）盤	340		(1-8)																
160	QÍ (YÍNG) JÍ (ZHÍ ZHÍ ) PÁN 齊（縈）姞（之{女+{晶>宜}}）盤	340	3e	15	彊	jiāng	*kjang	*kaŋ	居良	見陽	p	III	k	陽	A	I	xxxxxxxx  	A		
160	QÍ (YÍNG) JÍ (ZHÍ ZHÍ ) PÁN 齊（縈）姞（之{女+{晶>宜}}）盤	340	3e	15	疆	jiāng	*kjang	*kaŋ	居良	見陽	p	III	k	陽	A					
160	QÍ (YÍNG) JÍ (ZHÍ ZHÍ ) PÁN 齊（縈）姞（之{女+{晶>宜}}）盤	340	4b	19	孫=	-sūn	*-swon	*-sūn	思渾	心魂	p	I	h	文	X	II	xxxx	X		
160	QÍ (YÍNG) JÍ (ZHÍ ZHÍ ) PÁN 齊（縈）姞（之{女+{晶>宜}}）盤	340	4f	23	亯	xiǎng	*xjangX	*xaŋʔ	許兩	曉養	s	III	k	陽	A	III	xxxx	A		
160	QÍ (YÍNG) JÍ (ZHÍ ZHÍ ) PÁN 齊（縈）姞（之{女+{晶>宜}}）盤	340	4f	23	享	xiǎng	*xjangX	*xaŋʔ	許兩	曉養	s	III	k	陽	A					
161	GUÍFÙ PÁN 歸父盤	341		(1-16)																
161	GUÍFÙ PÁN 歸父盤	341	5d	20	壽	shòu	*dzyuwX	*duʔ	殖酉	禪有	s	III	k	幽	A	I	xxxx	A		
161	GUÍFÙ PÁN 歸父盤	341	6d	24	老	lǎo	*lawX	*C-rūʔ	盧晧	來晧	s	I	k	幽	A	II	xxxx	A		
162	QÍ HÓU BÓZHŌNG 齊侯鎛鐘	341-342		(1-25)																
162	QÍ HÓU BÓZHŌNG 齊侯鎛鐘	341-342	2p	33	年	nián	*nen	*nīn	奴顛	泥先	p	IV	k	真	A	I	xxxxxxxx	A		
162	QÍ HÓU BÓZHŌNG 齊侯鎛鐘	341-342	3c	27	身	shēn	*syin	*hlin	失人	書真	p	III	k	真	A	II	xxxx	A [...]		
162	QÍ HÓU BÓZHŌNG 齊侯鎛鐘	341-342		(38-69)																
162	QÍ HÓU BÓZHŌNG 齊侯鎛鐘	341-342	8i	75	死	sǐ	*sijX	*sǐjʔ	息秭	心止	s	III	k	脂	B	III	xxxxxx	B		
162	QÍ HÓU BÓZHŌNG 齊侯鎛鐘	341-342	9c	79	弟	dì	*dejX	*də̄/ījʔ	徒禮	定薺	s	IV	k	脂	B	IV	xxxx	B		
162	QÍ HÓU BÓZHŌNG 齊侯鎛鐘	341-342	9i	85	生	shēng	*sraeng	*sreŋ	所庚	生庚	p	II	k	耕	C	V	xxxxxx	C		
162	QÍ HÓU BÓZHŌNG 齊侯鎛鐘	341-342	10b	89	政	zhèng	*tsjengH	*teŋs	之盛	章勁	q	III	k	耕	C	VI	xxxx	C		
162	QÍ HÓU BÓZHŌNG 齊侯鎛鐘	341-342	10f	93	人+生										?	VII	xxxx	C		
162	QÍ HÓU BÓZHŌNG 齊侯鎛鐘	341-342	10f	93	姓	xìng	*sjengH	*seŋs	息正	心勁	q	III	k	耕	C					
162	QÍ HÓU BÓZHŌNG 齊侯鎛鐘	341-342	11d	101	邦	bāng	*paewng	*prōŋ	博江	幫江	p	II	k	東	X	VIII	xxxxxxxx	X		
162	QÍ HÓU BÓZHŌNG 齊侯鎛鐘	341-342	13a	114	邑	yì	*'ip	*ʔ(r)up	於汲	影緝	r	III	k	緝	X	IX	xxxxxxxxxxxxx	X		
162	QÍ HÓU BÓZHŌNG 齊侯鎛鐘	341-342	14b	121	啚	bǐ	*pijX	*p(r)əʔ	方美	幫旨	s	III	k	之	D	X	xxxxxxx	D		
162	QÍ HÓU BÓZHŌNG 齊侯鎛鐘	341-342	14b	121	鄙	bǐ	*pijX	*p(r)əʔ	方美	幫旨	s	III	k	之	D					
162	QÍ HÓU BÓZHŌNG 齊侯鎛鐘	341-342	14h	127	曰	yuē	*hjwot	*wat	王伐	云月	r	III	h	月	E	XI	xxxxxx	E		
162	QÍ HÓU BÓZHŌNG 齊侯鎛鐘	341-342	16a	134	子	zǐ	*tsiX	*tsəʔ	即里	精止	s	III	k	之	D	XII	xxxxxxx	D		
162	QÍ HÓU BÓZHŌNG 齊侯鎛鐘	341-342	16e	138	改	gǎi	*kojX	*kə̄ʔ	古亥	見海	s	I	k	之	D	XIII	xxxx	D		
162	QÍ HÓU BÓZHŌNG 齊侯鎛鐘	341-342	17b	142	曰	yuē	*hjwot	*wat	王伐	云月	r	III	h	月	E	XIV	xxxx	E		
162	QÍ HÓU BÓZHŌNG 齊侯鎛鐘	341-342	17g	148	誋	jì	*giH	*g(r)əʔ(s)	渠記	群志	q	III	k	之	D	XV	xxxxxx	D		
162	QÍ HÓU BÓZHŌNG 齊侯鎛鐘	341-342	17g	148	忌	jì	*giH	*g(r)əʔ(s)	渠記	群志	q	III	k	之	D					
162	QÍ HÓU BÓZHŌNG 齊侯鎛鐘	341-342	17l	152	以	yǐ	*yiX	*ləʔ	羊己	以止	s	III	k	之	D	XVI	xxxx	D		
162	QÍ HÓU BÓZHŌNG 齊侯鎛鐘	341-342	18b	159	吏	lì	*liH	*C-rə(ʔ)s	吏置	來志	q	III	k	之	D	XVII	xxxxxxx	D		
162	QÍ HÓU BÓZHŌNG 齊侯鎛鐘	341-342	18b	159	史	shǐ	*sriX	*srəʔ	踈士	生止	s	III	k	之	D					
162	QÍ HÓU BÓZHŌNG 齊侯鎛鐘	341-342	18f	163	宰	zǎi	*tsojX	*tsə̄ʔ	作亥	精海	s	I	k	之	D	XVIII	xxxx	D		
162	QÍ HÓU BÓZHŌNG 齊侯鎛鐘	341-342	18j	167	吏	lì	*liH	*C-rə(ʔ)s	吏置	來志	q	III	k	之	D	XIX	xxxx	D [...]		
162	QÍ HÓU BÓZHŌNG 齊侯鎛鐘	341-342	18j	167	史	shǐ	*sriX	*srəʔ	踈士	生止	s	III	k	之	D					
162	QÍ HÓU BÓZHŌNG 齊侯鎛鐘	341-342		(168-174)																
163	QÍ ?BAOSHÌ ZHONG 齊{陶>革}氏鐘	343		(1-19)																
163	QÍ ?BAOSHÌ ZHONG 齊{陶>革}氏鐘	343	6b	24	好	hǎo	*xawX	*xūʔ	呼晧	曉晧	s	I	k	幽	A	I	xxxxx	A		
163	QÍ ?BAOSHÌ ZHONG 齊{陶>革}氏鐘	343	7b	28	孝	xiào	*xaewH	*xrūs	呼教	曉效	q	II	k	幽	A	II	xxxx	A		
163	QÍ ?BAOSHÌ ZHONG 齊{陶>革}氏鐘	343	8c	34	考	kǎo	*khawX	*khūʔ	苦浩	溪晧	s	I	k	幽	A	III	xxxxxx	A		
163	QÍ ?BAOSHÌ ZHONG 齊{陶>革}氏鐘	343	9b	38	喜	xǐ	*xiX	*x(r)əʔ	虛里	曉止	s	III	k	之	B	IV	xxxx	B		
163	QÍ ?BAOSHÌ ZHONG 齊{陶>革}氏鐘	343	10b	42	賓	bīn	*pjin	*pin	必鄰	幫真	p	III	k	真	C	V	xxxx	C		
163	QÍ ?BAOSHÌ ZHONG 齊{陶>革}氏鐘	343	11b	46	[友]	yǒu	*hjuwX	*wəʔ	云久	云有	s	III	k	之	B	VI	xxxx	B		
163	QÍ ?BAOSHÌ ZHONG 齊{陶>革}氏鐘	343	11d	50	孫=	-sūn	*-swon	*-sūn	思渾	心魂	p	I	h	文	c	VII	xxxx	c		
163	QÍ ?BAOSHÌ ZHONG 齊{陶>革}氏鐘	343	12d	54	之	zhī	*tsyi	*tə	止而	章之	p	III	k	之	B	VIII	xxxx	B		
164	GUÓCHĀI DÀN 國差{缶+詹}	344		(1-18)																
164	GUÓCHĀI DÀN 國差{缶+詹}	344	5b	22	酉	yǒu	*yuwX	*juʔ	與久	以有	s	III	k	幽	A	I	xxxx	A		
164	GUÓCHĀI DÀN 國差{缶+詹}	344	5b	22	酒	jiǔ	*tsjuwX	*tsuʔ	子酉	精有	s	III	k	幽	A					
164	GUÓCHĀI DÀN 國差{缶+詹}	344	6c	28	壽	shòu	*dzyuwX	*duʔ	殖酉	禪有	s	III	k	幽	A	II	xxxxxx    	A		
164	GUÓCHĀI DÀN 國差{缶+詹}	344	7b	32	瀞										?	III	xxxx	B		
164	GUÓCHĀI DÀN 國差{缶+詹}	344	7b	32	淨	jìng	*dzreang	*dzrēŋ	士耕	崇耕	p	II	k	耕	B					
164	GUÓCHĀI DÀN 國差{缶+詹}	344	8b	38	疒+兄										?	IV	xxxxxx	X		
164	GUÓCHĀI DÀN 國差{缶+詹}	344	8b	38	怳	huǎng	*xjwangX	*hwaŋʔ	許昉	曉養	s	III	h	陽	X					
164	GUÓCHĀI DÀN 國差{缶+詹}	344	9d	44	寍	níng	*neng	*nēŋ	奴丁	泥清	p	IV	k	耕	B	V	xxxxxx	B		
164	GUÓCHĀI DÀN 國差{缶+詹}	344	9d	44	寧	níng	*neng	*nēŋ	奴丁	泥清	p	IV	k	耕	B					
164	GUÓCHĀI DÀN 國差{缶+詹}	344		(44-52)																
165	QÍ HÓU BÓZHŌNG 齊侯鎛鐘	344-347		(1-229)																
165	QÍ HÓU BÓZHŌNG 齊侯鎛鐘	344-347	39a	234	家	jiā	*kae	*krā	古牙	見麻	p	II	k	魚	A	I	xxxxx	A		
165	QÍ HÓU BÓZHŌNG 齊侯鎛鐘	344-347	40a	240	卹	xù	*swit	*swǐt	辛聿	心術	r	III	h	質	B	II	xxxx	B		
165	QÍ HÓU BÓZHŌNG 齊侯鎛鐘	344-347	41a	246	身	shēn	*syin	*hlin	失人	書真	p	III	k	真	b	III	xxxxxx	b		
165	QÍ HÓU BÓZHŌNG 齊侯鎛鐘	344-347	42b	253	兵	bīng	*paeng	*praŋ	甫明	幫庚	p	III	k	陽	a	IV	xxxxxxx	a		
165	QÍ HÓU BÓZHŌNG 齊侯鎛鐘	344-347	43c	261	家	jiā	*kae	*krā	古牙	見麻	p	II	k	魚	C	V	xxxxxxxx	C		
165	QÍ HÓU BÓZHŌNG 齊侯鎛鐘	344-347	44a	266	乍+支										?	VI	xxxxx	c		
165	QÍ HÓU BÓZHŌNG 齊侯鎛鐘	344-347	44a	266	作	zuō	*tsak	*tsāk	則落	精鐸	r	I	k	鐸	c					
165	QÍ HÓU BÓZHŌNG 齊侯鎛鐘	344-347	45c	274	首	shǒu	*syuwX	*hluʔ	書九	書有	s	III	k	幽	X	VII	xxxxxxxx	X		
165	QÍ HÓU BÓZHŌNG 齊侯鎛鐘	344-347	46d	281	光	guāng	*kwang	*kʷāŋ	古黃	見唐	p	I	h	陽	D	VIII	xxxxxxx	D		
165	QÍ HÓU BÓZHŌNG 齊侯鎛鐘	344-347	47d	287	命	mìng	*mjaengH	*mriŋ(s)	眉病	明映	q	III	k	真	d	IX	xxxxxx	d		
165	QÍ HÓU BÓZHŌNG 齊侯鎛鐘	344-347	49a	296	且>一>八										?	X	xxxxxxxxx	E		
165	QÍ HÓU BÓZHŌNG 齊侯鎛鐘	344-347	49a	296	祖	zǔ	*tsuX	*tsāʔ	則古	精姥	s	I	h	魚	E					
165	QÍ HÓU BÓZHŌNG 齊侯鎛鐘	344-347	49d	300	唐	táng	*daŋ	*g-lāŋ	從郎	定唐	p	I	k	陽	D	XI	xxxx	D		
165	QÍ HÓU BÓZHŌNG 齊侯鎛鐘	344-347	49d	300	陽	yáng	*yang	*laŋ	與章	以陽	p	III	k	陽	D					
165	QÍ HÓU BÓZHŌNG 齊侯鎛鐘	344-347	50c	305	所	suǒ	*srjoX	*s(k)raʔ	疏舉	生語	s	III	k	魚	E	XII	xxxxx	E		
165	QÍ HÓU BÓZHŌNG 齊侯鎛鐘	344-347	51a	309	命	mìng	*mjaengH	*mriŋ(s)	眉病	明映	q	III	k	真	d	XIII	xxxx	d		
165	QÍ HÓU BÓZHŌNG 齊侯鎛鐘	344-347	51e	313	司	sī	*si	*sə	息玆	心之	p	III	k	之	F	XIV	xxxx	F		
165	QÍ HÓU BÓZHŌNG 齊侯鎛鐘	344-347	52c	317	師	shī	*srij	*srǐj	疏夷	生脂	p	III	k	脂	f	XV	xxxx	f		
165	QÍ HÓU BÓZHŌNG 齊侯鎛鐘	344-347	53b	322	木+甫										?	XVI	xxxxx	G		
165	QÍ HÓU BÓZHŌNG 齊侯鎛鐘	344-347	53b	322	輔	fǔ	*bjuX	*b(r)aʔ	扶雨	並麌	s	III	h	魚	G					
165	QÍ HÓU BÓZHŌNG 齊侯鎛鐘	344-347	53f	226	州	zhōu	*tsyuw	*tu	職流	章尤	p	III	k	幽	X	XVII	xxxx	X		
165	QÍ HÓU BÓZHŌNG 齊侯鎛鐘	344-347	54d	330	堵	dǔ	*tuX	*tāʔ	當古	端姥	s	I	h	魚	G	XVIII	xxxx	G		
165	QÍ HÓU BÓZHŌNG 齊侯鎛鐘	344-347	54d	330	土	tǔ	*thuX	*thāʔ	他魯	透姥	s	I	h	魚	G					
165	QÍ HÓU BÓZHŌNG 齊侯鎛鐘	344-347	55d	336	孫	sūn	*swon	*sūn	思渾	心魂	p	I	h	文	H	XIX	xxxxxx	H		
165	QÍ HÓU BÓZHŌNG 齊侯鎛鐘	344-347	56d	342	絀										?	XX	xxxxxx	h		
165	QÍ HÓU BÓZHŌNG 齊侯鎛鐘	344-347	55d	342	出	chū	*tsyhwit	*thut	赤律	昌術	r	III	h	物	h					
165	QÍ HÓU BÓZHŌNG 齊侯鎛鐘	344-347	57c	347	女	nǚ	*nrjoX	*nraʔ	尼呂	泥語	s	III	k	魚	I	XXI	xxxxx	I		
165	QÍ HÓU BÓZHŌNG 齊侯鎛鐘	344-347	57g	351	尸	shī	*syij	*hlǐj	式脂	書脂	p	III	k	脂	X	XXII	xxxx	X		
165	QÍ HÓU BÓZHŌNG 齊侯鎛鐘	344-347	57g	351	夷	yí	*yij	*ləj	以脂	以脂	p	III	k	脂	X					
165	QÍ HÓU BÓZHŌNG 齊侯鎛鐘	344-347	59a	358	所	suǒ	*srjoX	*s(k)raʔ	疏舉	生語	s	III	k	魚	I	XXIII	xxxxxxx	I		
165	QÍ HÓU BÓZHŌNG 齊侯鎛鐘	344-347	59e	362	辶+齊										?	XXIV	xxxx	X		
165	QÍ HÓU BÓZHŌNG 齊侯鎛鐘	344-347	59e	362	齊	qí	*dzej	*ɦts(h)ə̄j	徂奚	從齊	p	IV	k	脂	X					
165	QÍ HÓU BÓZHŌNG 齊侯鎛鐘	344-347	60c	367	虎	hǔ	*xuX	*xāʔ	呼古	曉姥	s	I	h	魚	I	XXV	xxxxx	I		
165	QÍ HÓU BÓZHŌNG 齊侯鎛鐘	344-347	61b	372	事	shì	*dzriH	*ɦsrəs	鉏吏	崇止	q	III	k	之	ι	XXVI	xxxxx	i		
165	QÍ HÓU BÓZHŌNG 齊侯鎛鐘	344-347	62a	378	所	suǒ	*srjoX	*s(k)raʔ	疏舉	生語	s	III	k	魚	I	XXVII	xxxxxx	I		
165	QÍ HÓU BÓZHŌNG 齊侯鎛鐘	344-347	63c	386	鋁	lǚ	*ljoH	*g-ras	良倨	來御	q	III	h	魚	I	XXVIII	xxxxxxxx	I		
165	QÍ HÓU BÓZHŌNG 齊侯鎛鐘	344-347	64c	392	鎛	bó	*pak	*pāk	補各	幫鐸	r	I	k	鐸	i	XXIX	xxxxxx	i		
165	QÍ HÓU BÓZHŌNG 齊侯鎛鐘	344-347	65c	398	且>一>八										?	XXX	xxxxxx	I		
165	QÍ HÓU BÓZHŌNG 齊侯鎛鐘	344-347	65c	398	祖	zǔ	*tsuX	*tsāʔ	則古	精姥	s	I	h	魚	I					
165	QÍ HÓU BÓZHŌNG 齊侯鎛鐘	344-347	66c	404	考	kǎo	*khawX	*khūʔ	苦浩	溪晧	s	I	k	幽	J	XXXI	xxxxxx	J		
165	QÍ HÓU BÓZHŌNG 齊侯鎛鐘	344-347	67a	408	壽	shòu	*dzyuwX	*duʔ	殖酉	禪有	s	III	k	幽	J	XXXII	xxxx	J		
165	QÍ HÓU BÓZHŌNG 齊侯鎛鐘	344-347	67e	412	耂+止										?	XXXIII	xxxx	J		
165	QÍ HÓU BÓZHŌNG 齊侯鎛鐘	344-347	67e	412	老	lǎo	*lawX	*C-rūʔ	盧晧	來晧	s	I	k	幽	J					
165	QÍ HÓU BÓZHŌNG 齊侯鎛鐘	344-347	68c	416	且>一>八										?	XXXIV	xxxx	K		
165	QÍ HÓU BÓZHŌNG 齊侯鎛鐘	344-347	68c	416	祖	zǔ	*tsuX	*tsāʔ	則古	精姥	s	I	h	魚	K					
165	QÍ HÓU BÓZHŌNG 齊侯鎛鐘	344-347	69b	421	孫	sūn	*swon	*sūn	思渾	心魂	p	I	h	文	X	XXXV	xxxxx	X		
165	QÍ HÓU BÓZHŌNG 齊侯鎛鐘	344-347	70a	426	{目+{刀>田}>灬										?	XXXVI	xxxxx	K		
165	QÍ HÓU BÓZHŌNG 齊侯鎛鐘	344-347	70a	426	魯	lǔ	*luX	*C-rāʔ	郎古	來姥	s	I	h	魚	K					
165	QÍ HÓU BÓZHŌNG 齊侯鎛鐘	344-347	70f	431	事	shì	*dzriH	*ɦsrəs	鉏吏	崇止	q	III	k	之	k	XXXVII	xxxxx	k		
165	QÍ HÓU BÓZHŌNG 齊侯鎛鐘	344-347	71d	435	鼓	gǔ	*kuX	*kāʔ	公戶	見姥	s	I	h	魚	K	XXXVIII 	xxxx	K		
165	QÍ HÓU BÓZHŌNG 齊侯鎛鐘	344-347	72b	439	辟	bì	*phjek	*phek	必益	幫昔	r	III	k	錫	X	XXXIX	xxxx	X		
165	QÍ HÓU BÓZHŌNG 齊侯鎛鐘	344-347	72b	439	闢	pì	*bjiajk	*bek	房益	並錫	r	III	k	錫	X					
165	QÍ HÓU BÓZHŌNG 齊侯鎛鐘	344-347	72d	443	與>口=										?	XL	xxxx	X		
165	QÍ HÓU BÓZHŌNG 齊侯鎛鐘	344-347	72d	443	雝=	-yōng	*-'jowng	*-ʔ(r)oŋ	於容	影鍾	p	III	h	東	X					
165	QÍ HÓU BÓZHŌNG 齊侯鎛鐘	344-347	73b	447	㓷	yì	*ngijH	*ŋrəjs	魚器	疑至	q	III	k	微	L	XLI	xxxx	L		
165	QÍ HÓU BÓZHŌNG 齊侯鎛鐘	344-347	73f	451	類	lèi	*lwiH	*C-rut/ps	力遂	來至	q	III	h	隶	l	XLII	xxxx	l		
165	QÍ HÓU BÓZHŌNG 齊侯鎛鐘	344-347	74e	456	年	nián	*nen	*nīn	奴顛	泥先	p	IV	k	真	M	XLIII	xxxxx	M		
165	QÍ HÓU BÓZHŌNG 齊侯鎛鐘	344-347	75c	460	身	shēn	*syin	*hlin	失人	書真	p	III	k	真	M	XLIV	xxxxx	M		
165	QÍ HÓU BÓZHŌNG 齊侯鎛鐘	344-347	76e	468	字	zì	*dziH	*ɦtsə(ʔ)s	疾置	從志	q	III	k	之	N	XLV	xxxxxxxx	N		
165	QÍ HÓU BÓZHŌNG 齊侯鎛鐘	344-347	76e	468	子	zǐ	*tsiX	*tsəʔ	即里	精止	s	III	k	之	N					
165	QÍ HÓU BÓZHŌNG 齊侯鎛鐘	344-347	77b	472	政	zhèng	*tsjengH	*teŋs	之盛	章勁	q	III	k	耕	O	XLVI	xxxx	O		
165	QÍ HÓU BÓZHŌNG 齊侯鎛鐘	344-347	77f	476	右	yòu	*hjuwH	*wəʔ(s)	于救	雲宥	q	III	k	之	N	XLVII	xxxx	N		
165	QÍ HÓU BÓZHŌNG 齊侯鎛鐘	344-347	78d	484	己	jǐ	*kijX	*k(r)əʔ	居理	見止	s	III	k	之	N	XLVIII	xxxxxxxx	N		
165	QÍ HÓU BÓZHŌNG 齊侯鎛鐘	344-347	79e	487	成	chéng	*dzyeng	*deŋ	是征	禪清	p	III	k	耕	O	XLIX	xxx	O		
165	QÍ HÓU BÓZHŌNG 齊侯鎛鐘	344-347	80a	491	孫=	-sūn	*-swon	*-sūn	思渾	心魂	p	I	h	文	X	L	xxxx	X		
165	QÍ HÓU BÓZHŌNG 齊侯鎛鐘	344-347	80e	495	亯	xiǎng	*xjangX	*xaŋʔ	許兩	曉養	s	III	k	陽	X	LI	xxxx	X		
165	QÍ HÓU BÓZHŌNG 齊侯鎛鐘	344-347	80e	495	享	xiǎng	*xjangX	*xaŋʔ	許兩	曉養	s	III	k	陽	X					
166	?GĒNG HÚ {庚>十}壺	348		(1-19)																
166	?GĒNG HÚ {庚>十}壺	348	4c	24	金	jīn	*kim	*k(r)əm	居吟	見侵	p	III	k	侵	X	I	xxxxx	X		
166	?GĒNG HÚ {庚>十}壺	348	5a	29	壺	hú	*hu	*g/ɦā	戶吳	匣模	p	I	h	魚	A	II	xxxxx	A		
166	?GĒNG HÚ {庚>十}壺	348	5f	34	囗										?	III	xxxxx	?		
166	?GĒNG HÚ {庚>十}壺	348	6c	38	鼓	gǔ	*kuX	*kāʔ	公戶	見姥	s	I	h	魚	A	IV	xxxx	A		
166	?GĒNG HÚ {庚>十}壺	348	7b	44	者	zhě	*tsyaeX	*taʔ	章也	章馬	s	III	k	魚	A	V	xxxxxx	A		
166	?GĒNG HÚ {庚>十}壺	348	7b	44	諸	zhū	*tsyo	*ta	章魚	章魚	p	III	k	魚	A					
166	?GĒNG HÚ {庚>十}壺	348	8a	50	所	suǒ	*srjoX	*s(k)raʔ	疏舉	生語	s	III	k	魚	A	VI	xxxxxx	A		
166	?GĒNG HÚ {庚>十}壺	348	8d	54	甬=	-yǒng	*yowngX	*loŋʔ	餘隴	以腫	s	III	h	東	X	VII	xxxx	X		
166	?GĒNG HÚ {庚>十}壺	348	8d	54	庸=	-yōng	*yowng	*loŋ	餘封	以種	p	III	h	東	X					
166	?GĒNG HÚ {庚>十}壺	348	9f	63	馬	mǎ	*maeX	*mrāʔ	莫下	明馬	s	II	k	魚	A	VIII	xxxxxxxxx 	A		
166	?GĒNG HÚ {庚>十}壺	348		(64-193)												[...]				
167	QÍ HÓU HÚ 齊侯壺	349		(1-19)																
167	QÍ HÓU HÚ 齊侯壺	349	4b	24	子	zǐ	*tsiX	*tsəʔ	即里	精止	s	III	k	之	A	I	xxxxx	A		
167	QÍ HÓU HÚ 齊侯壺	349	4g	29	其>口										?	II	xxxxx	A		
167	QÍ HÓU HÚ 齊侯壺	349	4g	29	期	qī	*gɨ	*g(r)ə	渠之	群之	p	III	k	之	A					
167	QÍ HÓU HÚ 齊侯壺	349	5d	33	事	shì	*dzriH	*ɦsrəs	鉏吏	崇止	q	III	k	之	A	III	xxxx	A		
167	QÍ HÓU HÚ 齊侯壺	349	7d	40	御	yù	*ngjoH	*ŋ(r)aks	牛倨	疑御	q	III	h	魚	B	IV	xxxxxxx	B		
167	QÍ HÓU HÚ 齊侯壺	349	8b	45	御	yù	*ngjoH	*ŋ(r)aks	牛倨	疑御	q	III	h	魚	B	V	xxxxx	B		
167	QÍ HÓU HÚ 齊侯壺	349		(46-167)																
168	CHÉN NÌ DUÌ 陳逆敦	350		(1-9)																
168	CHÉN NÌ DUÌ 陳逆敦	350	3a	16	𣪘										?	I	xxxxxxx	A		
168	CHÉN NÌ DUÌ 陳逆敦	350	3a	16	簋	guǐ	*kwijX	*kʷruʔ	居洧	見旨	s	III	h	幽	A					
168	CHÉN NÌ DUÌ 陳逆敦	350	4a	22	壽	shòu	*dzyuwX	*duʔ	殖酉	禪有	s	III	k	幽	A	II	xxxxxx	A		
168	CHÉN NÌ DUÌ 陳逆敦	350	4e	26	保	bǎo	*pawX	*pūʔ	博抱	幫晧	s	I	k	幽	A	III	xxxx	A		
169	QÍ HÓU PÁN 齊侯盤	350		(1-18)																
169	QÍ HÓU PÁN 齊侯盤	350	4e	22	熙=	­xī	*-xi	*-x(r)ə	許其	曉之	p	III	k	之	A	I	xxxx	A		
169	QÍ HÓU PÁN 齊侯盤	350	5d	26	其>日	jī	*ki	*k(r)ə	居其	見之	p	III	k	之	A	II	xxxx	A		
169	QÍ HÓU PÁN 齊侯盤	350	5d	26	期	qī	*gi	*g(r)ə	渠之	群之	p	III	k	之	A					
169	QÍ HÓU PÁN 齊侯盤	350	6a	30	孫=	-sūn	*-swon	*-sūn	思渾	心魂	p	I	h	文	X	III	xxxx	X		
169	QÍ HÓU PÁN 齊侯盤	350	6e	34	之	zhī	*tsyi	*tə	止而	章之	p	III	k	之	A	IV	xxxx	A		
170	CHÉN HÓU WǓ DUÌ 陳侯午敦	351		(1-24)																
170	CHÉN HÓU WǓ DUÌ 陳侯午敦	351	6c	28	嘗	cháng	*dzyang	*daŋ	市羊	禪羊	p	III	k	陽	A	I	xxxx	A		
170	CHÉN HÓU WǓ DUÌ 陳侯午敦	351	7b	32	邦	bāng	*paewng	*prōŋ	博江	幫江	p	II	k	東	a	II	xxxx	a		
170	CHÉN HÓU WǓ DUÌ 陳侯午敦	351	8a	36	忘	wàng	*mjangH	*maŋ	巫放	微漾	q	III	k	陽	A	III	xxxx	A		
171	CHÉN HÓU DUÌ 陳侯敦	351		(1-63)																
171	CHÉN HÓU DUÌ 陳侯敦	351	7g	67	嘗	cháng	*dzyang	*daŋ	市羊	禪羊	p	III	k	陽	A	I	xxxx	A		
171	CHÉN HÓU DUÌ 陳侯敦	351	8a	71	邦	bāng	*paewng	*prōŋ	博江	幫江	p	II	k	東	a	II	xxxx	a		
171	CHÉN HÓU DUÌ 陳侯敦	351	8e	75	孫	sūn	*swon	*sūn	思渾	心魂	p	I	h	文	X	III	xxxx	X		
171	CHÉN HÓU DUÌ 陳侯敦	351	8i	79	尚	shàng	*dzyangH	*daŋs	時亮	禪漾	q	III	k	陽	A	IV	xxxx	A		
171	CHÉN HÓU DUÌ 陳侯敦	351	8i	79	常	cháng	*dzyang	*daŋ	市羊	禪陽	p	III	k	陽	A					
172	CHÉN HÓU WǓ DUÌ 陳侯午敦	352		(1-26)																
172	CHÉN HÓU WǓ DUÌ 陳侯午敦	352	6e	30	嘗	cháng	*dzyang	*daŋ	市羊	禪羊	p	III	k	陽	A	I	xxxx	A		
172	CHÉN HÓU WǓ DUÌ 陳侯午敦	352	7d	34	邦	bāng	*paewng	*prōŋ	博江	幫江	p	II	k	東	a	II	xxxx	a		
172	CHÉN HÓU WǓ DUÌ 陳侯午敦	352	8c	38	忘	wàng	*mjangH	*maŋ	巫放	微漾	q	III	k	陽	A	III	xxxx	A		
173	PÁNG SHŪ PÁN 夆叔盤	352-353		(1-15)																
173	PÁNG SHŪ PÁN 夆叔盤	352-353	3d	18	壽	shòu	*dzyuwX	*duʔ	殖酉	禪有	s	III	k	幽	A	I	xxx	A		
173	PÁNG SHŪ PÁN 夆叔盤	352-353	3f	20	年	nián	*nen	*nīn	奴顛	泥先	p	IV	k	真	B	II	xx	B		
173	PÁNG SHŪ PÁN 夆叔盤	352-353	4a	22	保	bǎo	*pawX	*pūʔ	博抱	幫晧	s	I	k	幽	A	III	xx	A		
173	PÁNG SHŪ PÁN 夆叔盤	352-353	4c	24	身	shēn	*syin	*hlin	失人	書真	p	III	k	真	B	IV	xx	B		
173	PÁNG SHŪ PÁN 夆叔盤	352-353	4e	28	臣+已=	yí	*yi	*l(r)ə	與之	以之	p	III	k	之	C	V	xxxx	C		
173	PÁNG SHŪ PÁN 夆叔盤	352-353	4e	28	熙=	­xī	*-xi	*-x(r)ə	許其	曉之	p	III	k	之	C					
173	PÁNG SHŪ PÁN 夆叔盤	352-353	4g	30	老	lǎo	*lawX	*C-rūʔ	盧晧	來晧	s	I	k	幽	A	VI	xx	A		
173	PÁNG SHŪ PÁN 夆叔盤	352-353	5b	32	其>日	jī	*ki	*k(r)ə	居其	見之	p	III	k	之	C	VII	xx	C		
173	PÁNG SHŪ PÁN 夆叔盤	352-353	5b	32	期	qī	*gi	*g(r)ə	渠之	群之	p	III	k	之	C					
173	PÁNG SHŪ PÁN 夆叔盤	352-353	5d	34	保	bǎo	*pawX	*pūʔ	博抱	幫晧	s	I	k	幽	A	VIII	xx	A		
173	PÁNG SHŪ PÁN 夆叔盤	352-353	5f	36	之	zhī	*tsyi	*tə	止而	章之	p	III	k	之	C	IX	xx	C		
174	?LU DǏNG {竹>膚}鼎	353		(1-20)																
174	?LU DǏNG {竹>膚}鼎	353	3h	24	迮	zé	*tsak	*tsrak	側伯	莊陌	r	III	k	鐸	A	I	xxxx	A		
174	?LU DǏNG {竹>膚}鼎	353	4d	28	客	kè	*khaek	*khrāk	苦格	溪陌	r	II	k	鐸	A	II	xxxx	A		
174	?LU DǏNG {竹>膚}鼎	353	4h	32	若	ruò	*nyak	*nak	而灼	日藥	r	III	k	鐸	A	III	xxxx	A		
175	DÌSHÌ HÚ 杕氏壺	354	1d	4	囗										?	I	xxxx	?		
175	DÌSHÌ HÚ 杕氏壺	354	1h	8	于	yú	*hju	*w(r)a	羽俱	云虞	p	III	h	魚	A	II	xxxx	A		
175	DÌSHÌ HÚ 杕氏壺	354	1h	8	虞	yú	*ngju	*ŋʷ(r)a	遇俱	疑虞	p	III	h	魚	A					
175	DÌSHÌ HÚ 杕氏壺	354	2b	12	{丰+刀}>瓦	qiè	*khet	*khēt	苦結	溪屑	r	IV	k	介	X	III	xxxx	X		
175	DÌSHÌ HÚ 杕氏壺	354	2g	17	壺	hú	*hu	*g/ɦā	戶吳	匣模	p	I	h	魚	A	IV	xxxxx	A		
175	DÌSHÌ HÚ 杕氏壺	354	2k	21	好	hǎo	*xawX	*xūʔ	呼晧	曉晧	s	I	k	幽	B	V	xxxx	B		
175	DÌSHÌ HÚ 杕氏壺	354	3d	25	訏	xǔ	*xjuX	*hw(r)aʔ	火羽	曉麌	s	III	h	魚	A	VI	xxxx	A		
175	DÌSHÌ HÚ 杕氏壺	354	3h	29	飤	sì	*ziH	*zlə(k)s	詳吏	邪志	q	III	k	職	b	VII	xxxx	b		
175	DÌSHÌ HÚ 杕氏壺	354	4b	33	家	jiā	*kae	*krā	古牙	見麻	p	II	k	魚	A	VIII	xxxx	A		
175	DÌSHÌ HÚ 杕氏壺	354	4f	37	後	hòu	*huwH	*ɦ(r)os	胡遘	匣候	q	I	k	侯	X	IX	xxxx	X		
175	DÌSHÌ HÚ 杕氏壺	354	4j	41	車	jū	*kjo	*k(r)a	九魚	見魚	p	III	h	魚	A	X	xxxx	A		
176	ZHŌNGSHĀN WÁNG ?CUO DǏNG 中山王{{興-八}>冖>昔}鼎	355-356		(1-13)																
176	ZHŌNGSHĀN WÁNG ?CUO DǏNG 中山王{{興-八}>冖>昔}鼎	355-356	3b	15	虖	hū	*xu	*hwā	荒烏	曉模	p	I	h	魚	a	I	xx	a		
176	ZHŌNGSHĀN WÁNG ?CUO DǏNG 中山王{{興-八}>冖>昔}鼎	355-356	3b	15	呼	hū	*xu	*hwā	荒烏	曉模	p	I	h	魚	a					
176	ZHŌNGSHĀN WÁNG ?CUO DǏNG 中山王{{興-八}>冖>昔}鼎	355-356	4a	19	{幺+幺}>才										?	II	xxxx	A		
176	ZHŌNGSHĀN WÁNG ?CUO DǏNG 中山王{{興-八}>冖>昔}鼎	355-356	4a	19	哉	zāi	*tsoj	*tsə̄	祖 才	精海	p	I	k	之	A					
176	ZHŌNGSHĀN WÁNG ?CUO DǏNG 中山王{{興-八}>冖>昔}鼎	355-356	4e	23	之	zhī	*tsyi	*tə	止而	章之	p	III	k	之	A	III	xxxx	A		
176	ZHŌNGSHĀN WÁNG ?CUO DǏNG 中山王{{興-八}>冖>昔}鼎	355-356	5d	29	人	rén	*nyin	*nin	如鄰	日真	p	III	k	真	B	IV	xxxxxx	B		
176	ZHŌNGSHĀN WÁNG ?CUO DǏNG 中山王{{興-八}>冖>昔}鼎	355-356	6c	33	{亞-二}0水										?	V	xxxx	B  [...]		
176	ZHŌNGSHĀN WÁNG ?CUO DǏNG 中山王{{興-八}>冖>昔}鼎	355-356	6c	33	淵	yuān	*'wen	*ʔʷīn	烏玄	影先	p	IV	h	真	B					
176	ZHŌNGSHĀN WÁNG ?CUO DǏNG 中山王{{興-八}>冖>昔}鼎	355-356		(34-429)																
176	ZHŌNGSHĀN WÁNG ?CUO DǏNG 中山王{{興-八}>冖>昔}鼎	355-356	71f	434	忄+ {彑>夕>巾}										?	VI	xxxxx	X		
176	ZHŌNGSHĀN WÁNG ?CUO DǏNG 中山王{{興-八}>冖>昔}鼎	355-356	71f	434	肆	sì	*sijH	*sləps	息利	心至	q	III	k	隶	X					
176	ZHŌNGSHĀN WÁNG ?CUO DǏNG 中山王{{興-八}>冖>昔}鼎	355-356	72d	438	喬	qiáo	*gjew	*ɦk(r)aw	巨嬌	群宵	p	III	k	豪	C	VII	xxxx	C		
176	ZHŌNGSHĀN WÁNG ?CUO DǏNG 中山王{{興-八}>冖>昔}鼎	355-356	72d	438	驕	jiāo	*kjew	*k(r)aw	舉喬	見宵	p	III	k	豪	C					
176	ZHŌNGSHĀN WÁNG ?CUO DǏNG 中山王{{興-八}>冖>昔}鼎	355-356	73b	442	囂	áo	*ngaw	*ŋāw	五勞	疑豪	p	I	k	豪	C	VIII	xxxx	C		
176	ZHŌNGSHĀN WÁNG ?CUO DǏNG 中山王{{興-八}>冖>昔}鼎	355-356	73f	446	宀>新										?	IX	xxxx	X		
176	ZHŌNGSHĀN WÁNG ?CUO DǏNG 中山王{{興-八}>冖>昔}鼎	355-356	73f	446	親	qīn	*tshin	*tshin	七人	清真	p	III	k	真	X					
176	ZHŌNGSHĀN WÁNG ?CUO DǏNG 中山王{{興-八}>冖>昔}鼎	355-356	74d	450	彷	páng	*baŋ	*bāŋ	步光	並唐	p	I	k	陽	D	X	xxxx	D		
176	ZHŌNGSHĀN WÁNG ?CUO DǏNG 中山王{{興-八}>冖>昔}鼎	355-356	74d	750	旁	páng	*baŋ	*bāŋ	步光	並唐	p	I	k	陽	D					
176	ZHŌNGSHĀN WÁNG ?CUO DǏNG 中山王{{興-八}>冖>昔}鼎	355-356	74f	452	虖	hū	*xu	*hwā	荒烏	曉模	p	I	h	魚	d	XI	xx	d		
176	ZHŌNGSHĀN WÁNG ?CUO DǏNG 中山王{{興-八}>冖>昔}鼎	355-356	74f	452	呼	hū	*xu	*hwā	荒烏	曉模	p	I	h	魚	d					
176	ZHŌNGSHĀN WÁNG ?CUO DǏNG 中山王{{興-八}>冖>昔}鼎	355-356	75c	455	{幺+幺}>才										?	XII	xxx	E		
176	ZHŌNGSHĀN WÁNG ?CUO DǏNG 中山王{{興-八}>冖>昔}鼎	355-356	75c	455	哉	zāi	*tsoj	*tsə̄	祖才	精海	p	I	k	之	E					
176	ZHŌNGSHĀN WÁNG ?CUO DǏNG 中山王{{興-八}>冖>昔}鼎	355-356	75e	459	孫=	­sūn	*-swon	*-sūn	思渾	心魂	p	I	h	文	X	XIII	xxxx	X		
176	ZHŌNGSHĀN WÁNG ?CUO DǏNG 中山王{{興-八}>冖>昔}鼎	355-356	76c	463	之	zhī	*tsyi	*tə	止而	章之	p	III	k	之	E	XIV	xxxx	E		
176	ZHŌNGSHĀN WÁNG ?CUO DǏNG 中山王{{興-八}>冖>昔}鼎	355-356	77a	467	邦	bāng	*paewng	*prōŋ	博江	幫江	p	II	k	東	D	XV	xxxx	D		
177	ZHŌNGSHĀN WÁNG FĀNGHÚ 中山王方壺	356-357		(1-24)																
177	ZHŌNGSHĀN WÁNG FĀNGHÚ 中山王方壺	356-357	3d	28	尚	shàng	*dzyangH	*daŋs	時亮	禪漾	q	III	k	陽	A	I	xxxx	A		
177	ZHŌNGSHĀN WÁNG FĀNGHÚ 中山王方壺	356-357	3h	32	帝	dì	*tejH	*tēks	都計	端霽	q	IV	k	佳	X	II	xxxx	X		
177	ZHŌNGSHĀN WÁNG FĀNGHÚ 中山王方壺	356-357	3l	36	王	wáng	*hjwang	*waŋ	雨方	云陽	p	III	h	陽	A	III	xxxx	A		
177	ZHŌNGSHĀN WÁNG FĀNGHÚ 中山王方壺	356-357	4b	40	濟	jǐ	*tsejX	*tsə̄jʔ	子禮	精薺	s	IV	k	脂	B	IV	xxxx	B		
177	ZHŌNGSHĀN WÁNG FĀNGHÚ 中山王方壺	356-357	4h	46	荒	huāng	*xwaŋ	*hmāŋ	呼光	曉唐	p	I	h	陽	A	V	xxxxxx	A		
177	ZHŌNGSHĀN WÁNG FĀNGHÚ 中山王方壺	356-357	4l	50	美	měi	*mijX	*mrəjʔ	無鄙	明旨	s	III	k	脂	B	VI	xxxx	B		
177	ZHŌNGSHĀN WÁNG FĀNGHÚ 中山王方壺	356-357	5d	54	工	gōng	*kuwng	*kōŋ	古紅	見東	p	I	h	東	a	VII	xxxx	a		
177	ZHŌNGSHĀN WÁNG FĀNGHÚ 中山王方壺	356-357	5d	54	功	gōng	*kuwng	*kōŋ	古紅	見東	p	I	h	東	a					
177	ZHŌNGSHĀN WÁNG FĀNGHÚ 中山王方壺	356-357	5h	58	訛	é	*ŋwa	*ŋʷāj	五禾	疑戈	p	I	h	歌	X	VIII	xxxx	X		
177	ZHŌNGSHĀN WÁNG FĀNGHÚ 中山王方壺	356-357	5l	62	王	wáng	*hjwang	*waŋ	雨方	云陽	p	III	h	陽	A	IX	xxxx	A		
177	ZHŌNGSHĀN WÁNG FĀNGHÚ 中山王方壺	356-357		(63-314)																
177	ZHŌNGSHĀN WÁNG FĀNGHÚ 中山王方壺	356-357	36b	318	言	yán	*ngjon	*ŋan	語軒	疑元	p	III	k	元	C	X	xxxx	C		
177	ZHŌNGSHĀN WÁNG FĀNGHÚ 中山王方壺	356-357	36g	403	壺	hú	*hu	*g/ɦā	戶吳	匣模	p	I	h	魚	c	XI	xxxxx	c		
177	ZHŌNGSHĀN WÁNG FĀNGHÚ 中山王方壺	356-357	36k	407	焉	yān	*'jen	*(ɦr)an	於乾	影仙	p	III	k	元	C	XII	xxxx	C		
177	ZHŌNGSHĀN WÁNG FĀNGHÚ 中山王方壺	356-357	37a	410	翼	yì	*yik	*lək	與職	以職	r	III	k	職	D	XIII	xxx	D		
177	ZHŌNGSHĀN WÁNG FĀNGHÚ 中山王方壺	356-357	37e	414	嗣	sì	*ziH	*z(l)əs	詳吏	邪志	q	III	k	之	d	XIV	xxxx	d		
177	ZHŌNGSHĀN WÁNG FĀNGHÚ 中山王方壺	356-357	37i	418	禍	huò	*hwaX	*gʷājʔ	胡果	匣果	s	I	h	歌	X	XV	xxxx	X		
177	ZHŌNGSHĀN WÁNG FĀNGHÚ 中山王方壺	356-357	38d	422	福	fú	*pjuwk	*pək	方六	非屋	r	III	h	職	D	XVI	xxxx	D		
177	ZHŌNGSHĀN WÁNG FĀNGHÚ 中山王方壺	356-357	38h	426	竹>{火+斤}										?	XVII	xxxx	X		
177	ZHŌNGSHĀN WÁNG FĀNGHÚ 中山王方壺	356-357	38h	426	策	cè	*tsrheak	*tshrēk	楚革	初麥	r	II	k	錫	X					
177	ZHŌNGSHĀN WÁNG FĀNGHÚ 中山王方壺	356-357	39b	430	王	wáng	*hjwang	*waŋ	雨方	云陽	p	III	h	陽	E	XVIII	xxxx	E		
177	ZHŌNGSHĀN WÁNG FĀNGHÚ 中山王方壺	356-357	39f	434	民	mín	*mjin	*min	彌鄰	明真	p	III	k	真	e	XIX	xxxx	E		
177	ZHŌNGSHĀN WÁNG FĀNGHÚ 中山王方壺	356-357	39f	434	氓	máng	*meang	*mrāŋ	莫耕	明耕	p	II	k	陽	E					
177	ZHŌNGSHĀN WÁNG FĀNGHÚ 中山王方壺	356-357	39j	438	{絲-系}+長										?	XX	xxxx	E		
177	ZHŌNGSHĀN WÁNG FĀNGHÚ 中山王方壺	356-357	39j	438	長	cháng	*drjang	*ɦtraŋ	直良	澄陽	p	III	k	陽	E					
177	ZHŌNGSHĀN WÁNG FĀNGHÚ 中山王方壺	356-357	40d	444	孫	sūn	*swon	*sūn	思渾	心魂	p	I	h	文	X	XXI	xxxxxx	X		
177	ZHŌNGSHĀN WÁNG FĀNGHÚ 中山王方壺	356-357	40j	450	疆	jiāng	*kjang	*kaŋ	居良	見陽	p	III	k	陽	E	XXII	xxxxxx	E		
178	?QIECÌ HÚ {{立>女}+子}{次>虫}壺	358-360		(1-8)																
178	?QIECÌ HÚ {{立>女}+子}{次>虫}壺	358-360	4c	12	王	wáng	*hjwang	*waŋ	雨方	云陽	p	III	h	陽	A	I	xxxx	A		
178	?QIECÌ HÚ {{立>女}+子}{次>虫}壺	358-360	6a	16	每	měi	*mojX	*mə̄ʔ	武罪	明賄	s	I	h	之	x	II	xxxx	X		
178	?QIECÌ HÚ {{立>女}+子}{次>虫}壺	358-360	6a	16	媚	mèi	*mijH	*mrəjs	明祕	明至	q	III	k	脂	X					
178	?QIECÌ HÚ {{立>女}+子}{次>虫}壺	358-360	7b	20	疆	jiāng	*kjang	*kaŋ	居良	見陽	p	III	k	陽	A	III	xxxx	A		
178	?QIECÌ HÚ {{立>女}+子}{次>虫}壺	358-360	8c	24	忘	wàng	*mjangH	*maŋ	巫放	微漾	q	III	k	陽	A	IV	xxxx	A		
178	?QIECÌ HÚ {{立>女}+子}{次>虫}壺	358-360		(25-36)																
178	?QIECÌ HÚ {{立>女}+子}{次>虫}壺	358-360	15a	43	睭										?	V	xxxxxxx	X		
178	?QIECÌ HÚ {{立>女}+子}{次>虫}壺	358-360	15a	43	賙	zhōu	*tsyuw	*tiw	職流	章尤	p	III	k	幽	X					
178	?QIECÌ HÚ {{立>女}+子}{次>虫}壺	358-360	16c	48	邦	bāng	*paewng	*prōŋ	博江	幫江	p	II	k	東	a	VI	xxxxx	a		
178	?QIECÌ HÚ {{立>女}+子}{次>虫}壺	358-360	18c	54	上	shàng	*dzyangH	*daŋs	時亮	禪漾	q	III	k	陽	A	VII	xxxxxx	A		
178	?QIECÌ HÚ {{立>女}+子}{次>虫}壺	358-360	20c	60	宜	yí	*ngje	*ŋ(r)aj	魚羈	疑支	p	III	k	歌	X	VIII	xxxxxx	X		
178	?QIECÌ HÚ {{立>女}+子}{次>虫}壺	358-360	20c	60	義	yì	*ngjeH	*ŋ(r)ajs	宜寄	疑寘	q	III	k	歌	X					
178	?QIECÌ HÚ {{立>女}+子}{次>虫}壺	358-360	22a	64	宗	zōng	*tsowng	*tsūŋ	作冬	精冬	p	I	h	冬	α	IX	xxxx	a		
178	?QIECÌ HÚ {{立>女}+子}{次>虫}壺	358-360	24c	72	女>心										?	X	xxxxxxxx   B			
178	?QIECÌ HÚ {{立>女}+子}{次>虫}壺	358-360	24c	72	怒	nù	*nuX	*nāʔ	乃古	泥姥	s	I	h	魚	B					
178	?QIECÌ HÚ {{立>女}+子}{次>虫}壺	358-360	26a	76	虍>{女+几}											XI	xxxx	B		
178	?QIECÌ HÚ {{立>女}+子}{次>虫}壺	358-360	26a	76	處	chǔ	*tsyhjoX	*KHaʔ	昌與	昌語	s	III	h	魚	B					
178	?QIECÌ HÚ {{立>女}+子}{次>虫}壺	358-360	27b	80	郾	yǎn	*'jonX	*ʔanʔ	於幰	影阮	s	III	k	仙	C	XII	xxxx	C		
178	?QIECÌ HÚ {{立>女}+子}{次>虫}壺	358-360	28c	84	氵+吁										?	XIII	xxxx	B		
178	?QIECÌ HÚ {{立>女}+子}{次>虫}壺	358-360	28c	84	宇	yǔ	*hjuX	*w(r)aʔ	王矩	云麌	s	III	h	魚	B					
178	?QIECÌ HÚ {{立>女}+子}{次>虫}壺	358-360	30a	88	里	lǐ	*liX	*C-rəʔ	良士	來止	s	III	k	之	b	XIV	xxxx	b		
178	?QIECÌ HÚ {{立>女}+子}{次>虫}壺	358-360	31b	92	榦	gàn	*kanH	*kārs	古案	見翰	q	I	k	仙	c	XV	xxxx	c		
178	?QIECÌ HÚ {{立>女}+子}{次>虫}壺	358-360	32c	96	王	wáng	*hjwang	*waŋ	雨方	云陽	p	III	h	陽	D	XVI	xxxx	D		
178	?QIECÌ HÚ {{立>女}+子}{次>虫}壺	358-360	34a	100	獵	liè	*ljep	*C-rap	良涉	來葉	r	III	k	盍	X	XVII	xxxx	X		
178	?QIECÌ HÚ {{立>女}+子}{次>虫}壺	358-360	35b	104	木>土										?	XVIII	xxxx	d		
178	?QIECÌ HÚ {{立>女}+子}{次>虫}壺	358-360	35b	104	土	tǔ	*thuX	*thāʔ	他魯	透姥	s	I	h	魚	d					
178	?QIECÌ HÚ {{立>女}+子}{次>虫}壺	358-360	36c	108	林	lín	*lim	*C-rəm	力尋	來侵	p	III	k	侵	X	XIX	xxxx	X		
178	?QIECÌ HÚ {{立>女}+子}{次>虫}壺	358-360	38a	112	同	tóng	*duwng	*dōŋ	徒紅	定東	p	I	h	東	e	[...]  XX	xxxx	e		
178	?QIECÌ HÚ {{立>女}+子}{次>虫}壺	358-360	39a	116	汸=	­pāng	*-phang	*-phāŋ	普郎	旁唐	p	I	k	陽	E	XXI	xxxx	E		
178	?QIECÌ HÚ {{立>女}+子}{次>虫}壺	358-360	40b	120	艹>高>土										?	XXII	xxxx	X		
178	?QIECÌ HÚ {{立>女}+子}{次>虫}壺	358-360	40b	120	薧	kǎo	*khawX	*khāwʔ	苦浩	溪晧	s	I	k	豪	X					
178	?QIECÌ HÚ {{立>女}+子}{次>虫}壺	358-360	41c	124	王	wáng	*hjwang	*waŋ	雨方	云陽	p	III	h	陽	E	XXIII	xxxx	E		
178	?QIECÌ HÚ {{立>女}+子}{次>虫}壺	358-360	43a	128	止>壬										?	XXIV	xxxx	E		
178	?QIECÌ HÚ {{立>女}+子}{次>虫}壺	358-360	43a	128	皇	huáng	*hwang	*wāŋ	胡光	匣唐	p	I	h	陽	E					
178	?QIECÌ HÚ {{立>女}+子}{次>虫}壺	358-360	44b	132	王	wáng	*hjwang	*waŋ	雨方	云陽	p	III	h	陽	E	XXV	xxxxxx	E		
178	?QIECÌ HÚ {{立>女}+子}{次>虫}壺	358-360	46b	138	德-ㄔ										?	XXVI	xxxx	F		
178	?QIECÌ HÚ {{立>女}+子}{次>虫}壺	358-360	46b	138	德	dé	*tok	*tə̄k	多則	端德	r	I	k	職	F					
178	?QIECÌ HÚ {{立>女}+子}{次>虫}壺	358-360	47c	142	目>又										?	XXVII	xxxx	F		
178	?QIECÌ HÚ {{立>女}+子}{次>虫}壺	358-360	47c	142	得	dé	*tok	*tə̄k	多則	端德	r	I	k	職	F					
178	?QIECÌ HÚ {{立>女}+子}{次>虫}壺	358-360	48c	146	雨>{米+弟}										?	XXVIII	xxxx	G		
178	?QIECÌ HÚ {{立>女}+子}{次>虫}壺	358-360	48c	146	涕	tì	*thejH	*thīj(ʔ)s	他計	透霽	q	IV	k	脂	G					
178	?QIECÌ HÚ {{立>女}+子}{次>虫}壺	358-360	50a	150	虍>{女+几}										?	XXIX	xxxx	X		
178	?QIECÌ HÚ {{立>女}+子}{次>虫}壺	358-360	50a	150	處	chǔ	*tsyhjoX	*KHaʔ	昌與	昌語	s	III	h	魚	X					
178	?QIECÌ HÚ {{立>女}+子}{次>虫}壺	358-360	51b	154	墜	zhuì	*drwijH	*druts	直類	澄至	q	III	h	微	g	XXX	xxxx	g		
178	?QIECÌ HÚ {{立>女}+子}{次>虫}壺	358-360	51b	154	地	dì	*dijH	*lrajs	徒四	定至	q	III	k	歌	g					
178	?QIECÌ HÚ {{立>女}+子}{次>虫}壺	358-360	52c	158	王	wáng	*hjwang	*waŋ	雨方	云陽	p	III	h	陽	E	XXXI	xxxx	E		
178	?QIECÌ HÚ {{立>女}+子}{次>虫}壺	358-360		(159-182)																
179	JÌN JIĀNG DǏNG 晉姜鼎	360-361		(1-92)																
179	JÌN JIĀNG DǏNG 晉姜鼎	360-361	10j	100	壽	shòu	*dzyuwX	*duʔ	殖酉	禪有	s	III	k	幽	a	I	xxxxxxxx	a		
179	JÌN JIĀNG DǏNG 晉姜鼎	360-361	11d	104	亟	jí	*kik	*k(r)ək	紀力	見職	r	III	k	職	A	II	xxxx	A		
179	JÌN JIĀNG DǏNG 晉姜鼎	360-361	12h	112	疆	jiāng	*kjang	*kaŋ	居良	見陽	p	III	k	陽	X	III	xxxxxxxx	X		
179	JÌN JIĀNG DǏNG 晉姜鼎	360-361	12b	117	德	dé	*tok	*tə̄k	多則	端德	r	I	k	職	A	IV	xxxxx	A		
179	JÌN JIĀNG DǏNG 晉姜鼎	360-361	12g	122	子	zǐ	*tsiX	*tsəʔ	即里	精止	s	III	k	之	a	V	xxxx	a		
179	JÌN JIĀNG DǏNG 晉姜鼎	360-361	12k	131	木+勿										?	VI	xxxx	X		
179	JÌN JIĀNG DǏNG 晉姜鼎	360-361	12k	131	利	lì	*lijH	*C-rits	力至	來至	q	III	k	質	X					
180	LUÁN SHŪ FǑU {糸+言+糸}書缶	361-362	1a	4	芚>日	chūn	*tsyhwin	*thun	昌脣	昌諄	p	III	h	文	A	I	xxxx	A		
180	LUÁN SHŪ FǑU {糸+言+糸}書缶	361-362	1a	4	春	chūn	*tsyhwin	*thun	昌脣	昌諄	p	III	h	文	A					
180	LUÁN SHŪ FǑU {糸+言+糸}書缶	361-362	1g	8	丑	chǒu	*thrjuwX	*hnruʔ	敕救	徹有	s	III	k	幽	B	II	xxxx	B		
180	LUÁN SHŪ FǑU {糸+言+糸}書缶	361-362	2d	12	書	shū	*syo	*sta	傷魚	書魚	p	III	h	魚	C	III	xxxx	C		
180	LUÁN SHŪ FǑU {糸+言+糸}書缶	361-362	3a	17	金	jīn	*kim	*k(r)əm	居吟	見侵	p	III	k	侵	X	IV	xxxxx	X		
180	LUÁN SHŪ FǑU {糸+言+糸}書缶	361-362	3e	21	金+缶										?	V	xxxx	B		
180	LUÁN SHŪ FǑU {糸+言+糸}書缶	361-362	3e	21	缶	fǒu	*pjuwX	*p(r)uʔ	方久	非有	s	III	k	幽	B					
180	LUÁN SHŪ FǑU {糸+言+糸}書缶	361-362	4b	26	祖	zǔ	*tsuX	*tsāʔ	則古	精姥	s	I	h	魚	C	VI	xxxxx	C		
180	LUÁN SHŪ FǑU {糸+言+糸}書缶	361-362	4g	31	壽	shòu	*dzyuwX	*duʔ	殖酉	禪有	s	III	k	幽	B	VII	xxxxx	B		
180	LUÁN SHŪ FǑU {糸+言+糸}書缶	361-362	5d	36	孫	sūn	*swon	*sūn	思渾	心魂	p	I	h	文	A	VIII	xxxxx	A		
180	LUÁN SHŪ FǑU {糸+言+糸}書缶	361-362	5h	40	宀>酷										?	IX	xxxx	B		
180	LUÁN SHŪ FǑU {糸+言+糸}書缶	361-362	5h	40	寶	bǎo	*pawX	*pūʔ	博抱	幫晧	s	I	k	幽	B					
181	JÌN BĀNG ?AN 晉邦{奠>皿}	362-364		(1-11)																
181	JÌN BĀNG ?AN 晉邦{奠>皿}	362-364	2h	16	公	gōng	*kuwng	*kōŋ	古紅	見東	p	I	h	東	a	I	xxxxx	a		
181	JÌN BĀNG ?AN 晉邦{奠>皿}	362-364	3d	20	命	mìng	*mjaengH	*mriŋ(s)	眉病	明映	q	III	k	真	X	II	xxxx	X		
181	JÌN BĀNG ?AN 晉邦{奠>皿}	362-364	3h	24	王	wáng	*hjwang	*waŋ	雨方	云陽	p	III	h	陽	A	III	xxxx	A		
181	JÌN BĀNG ?AN 晉邦{奠>皿}	362-364	4c	28	糸+言+糸	luán	*lwan	*b-rōn	落官	來桓	p	I	h	元	X	IV	xxxx	X		
181	JÌN BĀNG ?AN 晉邦{奠>皿}	362-364	4c	28	蠻	mán	*maen	*mrōn	莫還	明刪	p	II	k	元	X					
181	JÌN BĀNG ?AN 晉邦{奠>皿}	362-364	4g	32	方	fāng	*pjang	*paŋ	府良	非陽	p	III	h	陽	A	V	xxxx	A		
181	JÌN BĀNG ?AN 晉邦{奠>皿}	362-364	5b	36	廷	tíng	*deng	*lēŋ	特丁	定青	p	IV	k	耕	X	VI	xxxx	X		
181	JÌN BĀNG ?AN 晉邦{奠>皿}	362-364	5f	40	[王]	wáng	*hjwang	*waŋ	雨方	云陽	p	III	h	陽	A	VII	xxxx	A		
181	JÌN BĀNG ?AN 晉邦{奠>皿}	362-364	5j	44	公	gōng	*kuwng	*kōŋ	古紅	見東	p	I	h	東	a	VIII	xxxx	a		
181	JÌN BĀNG ?AN 晉邦{奠>皿}	362-364	6d	48	𠂤 	duī	*twoj	*tūj	都回	端灰	p	I	h	微	x	IX	xxxx	X		
181	JÌN BĀNG ?AN 晉邦{奠>皿}	362-364	6d	48	師	shī	*srij	*srǐj	疏夷	生脂	p	III	k	脂	X					
181	JÌN BĀNG ?AN 晉邦{奠>皿}	362-364	6h	52	邦	bāng	*paewng	*prōŋ	博江	幫江	p	II	k	東	a	X	xxxx	a		
181	JÌN BĀNG ?AN 晉邦{奠>皿}	362-364		(55-?62)																
181	JÌN BĀNG ?AN 晉邦{奠>皿}	362-364	8a	63	疆	jiāng	*kjang	*kaŋ	居良	見陽	p	III	k	陽	A	XI	?	A		
181	JÌN BĀNG ?AN 晉邦{奠>皿}	362-364		(64-?71)																
181	JÌN BĀNG ?AN 晉邦{奠>皿}	362-364	9d	75	上	shàng	*dzyangH	*daŋs	時亮	禪漾	q	III	k	陽	A	XII	?	A		
181	JÌN BĀNG ?AN 晉邦{奠>皿}	362-364		(77-?82)																
181	JÌN BĀNG ?AN 晉邦{奠>皿}	362-364	10b	83	{业>美}+{业>美}										?	XIII	?	?		
181	JÌN BĀNG ?AN 晉邦{奠>皿}	362-364	11a	91	邦	bāng	*paewng	*prōŋ	博江	幫江	p	II	k	東	A					
181	JÌN BĀNG ?AN 晉邦{奠>皿}	362-364		(92-93)												XIV	?	A		
181	JÌN BĀNG ?AN 晉邦{奠>皿}	362-364	11g	97	子	zǐ	*tsiX	*tsəʔ	即里	精止	s	III	k	之	X	XV	xxxx	X		
181	JÌN BĀNG ?AN 晉邦{奠>皿}	362-364	12d	102	王	wáng	*hjwang	*waŋ	雨方	云陽	p	III	h	陽	A					
181	JÌN BĀNG ?AN 晉邦{奠>皿}	362-364	12g	106	女+{晶>宜}=	zhí	*drit	*līt	直一	定屑	r	IV	k	質	X	XVI	xxxxx	A		
181	JÌN BĀNG ?AN 晉邦{奠>皿}	362-364	12g	106	秩=	zhì	*drit	*lrit	直一	澄質	r	III	k	質	X	XVII	xxxx	X		
181	JÌN BĀNG ?AN 晉邦{奠>皿}	362-364	13c	110	邦	bāng	*paewng	*prōŋ	博江	幫江	p	II	k	東	a	XVIII	xxxx	a		
181	JÌN BĀNG ?AN 晉邦{奠>皿}	362-364	14a	116	{臼0林}>冖>{言+兄}										?A					
181	JÌN BĀNG ?AN 晉邦{奠>皿}	362-364	14f	121	士	shì	*dzriX	*ɦsrə(ʔ)s	鉏里	崇止	s	III	k	之	B	XIX	xxxxxx	?A		
181	JÌN BĀNG ?AN 晉邦{奠>皿}	362-364	15c	125	右	yòu	*hjuwH	*wəʔ(s)	于救	雲宥	q	III	k	之	B	XX	xxxxx	B		
181	JÌN BĀNG ?AN 晉邦{奠>皿}	362-364	15g	129	國	guó	*kwok	*kʷə̄k	古或	見德	r	I	h	職	b	XXI	xxxx	B		
181	JÌN BĀNG ?AN 晉邦{奠>皿}	362-364	16c	133	人+{⺥>乍>又}										?	XXII	xxxx	b		
181	JÌN BĀNG ?AN 晉邦{奠>皿}	362-364	16c	133	迮	zuō	*tsak	*tsāk	則落	精鐸	r	I	k	鐸	c	XXIII	xxxx	c		
181	JÌN BĀNG ?AN 晉邦{奠>皿}	362-364	16g	137	者	zhě	*tsyaeX	*tēʔ	章也	章馬	s	III	k	魚	C	XXIV	Xxxx	C		
181	JÌN BĀNG ?AN 晉邦{奠>皿}	362-364	16g	137	都	dū	*tu	*tā	當孤	端模	p	I	h	魚	C					
181	JÌN BĀNG ?AN 晉邦{奠>皿}	362-364	17d	141	女	nǚ	*nrjoX	*nraʔ	尼呂	泥語	s	III	k	魚	C	XXV	Xxxx	C		
181	JÌN BĀNG ?AN 晉邦{奠>皿}	362-364		(142-145)																
181	JÌN BĀNG ?AN 晉邦{奠>皿}	362-364	18d	149	酉	yǒu	*yuwX	*juʔ	與久	以有	s	III	k	幽	D	XXVI	Xxxx	D		
181	JÌN BĀNG ?AN 晉邦{奠>皿}	362-364	19d	157	[祀]	sì	*ziX	*zə(k)ʔ	詳里	邪止	s	III	k	之	d	XXVII	xxxxxxxx	d		
181	JÌN BĀNG ?AN 晉邦{奠>皿}	362-364	20b	162	卿	qīng	*khjaeng	*khraŋ	去京	溪庚	p	III	k	陽	X	XXVIII	xxxxx	X		
181	JÌN BĀNG ?AN 晉邦{奠>皿}	362-364	20f	166	黹	zhǐ	*trijX	*trijʔ	豬几	知旨	s	III	k	脂	e	XXIX	Xxxx	E		
181	JÌN BĀNG ?AN 晉邦{奠>皿}	362-364	20f	166	職	zhí	*tsyik	*tək	之翼	章職	r	III	k	職	E					
181	JÌN BĀNG ?AN 晉邦{奠>皿}	362-364	21b	170	子	zǐ	*tsiX	*tsəʔ	即里	精止	s	III	k	之	e	XXX	Xxxx	e		
181	JÌN BĀNG ?AN 晉邦{奠>皿}	362-364	21f	174	宀>公										?	XXXI	Xxxx	F		
181	JÌN BĀNG ?AN 晉邦{奠>皿}	362-364	21f	174	容	róng	*yowng	*(l)oŋ	餘封	以鐘	p	III	h	東	F					
181	JÌN BĀNG ?AN 晉邦{奠>皿}	362-364	22c	178	邦	bāng	*paewng	*prōŋ	博江	幫江	p	II	k	東	F	XXXII	Xxxx	F		
181	JÌN BĀNG ?AN 晉邦{奠>皿}	362-364	23a	182	年	nián	*nen	*nīn	奴顛	泥先	p	IV	k	真	G	XXXIII	Xxxx	G		
181	JÌN BĀNG ?AN 晉邦{奠>皿}	362-364	23e	186	車+{人>隹}										?	XXXIV	xxxx	g		
181	JÌN BĀNG ?AN 晉邦{奠>皿}	362-364	23e	186	翰	hàn	*hanH	*gārs	侯旰	匣翰	q	I	k	元	g					
181	JÌN BĀNG ?AN 晉邦{奠>皿}	362-364	24c	189	寶	bǎo	*pawX	*pūʔ	博抱	幫晧	s	I	k	幽	X	XXXV	xxx	X		
182	PIĀO QIĀNG ZHŌNG {厂+{馬>{馬+馬}}}羌鐘	366-367		(1-5)																
182	PIĀO QIĀNG ZHŌNG {厂+{馬>{馬+馬}}}羌鐘	366-367	2a	9	力+戈										?	I	xxxx	A		
182	PIĀO QIĀNG ZHŌNG {厂+{馬>{馬+馬}}}羌鐘	366-367	2a	9	戎	róng	*nyuwng	*nuŋ	如融	日東	p	III	h	冬	A					
182	PIĀO QIĀNG ZHŌNG {厂+{馬>{馬+馬}}}羌鐘	366-367	2e	13	宗	zōng	*tsowng	*tsūŋ	作冬	精冬	p	I	h	冬	A	II	xxxx	A		
182	PIĀO QIĀNG ZHŌNG {厂+{馬>{馬+馬}}}羌鐘	366-367	3a	17	秦	qín	*dzin	*dzin	匠鄰	從真	p	III	k	真	B	III	xxxx	B		
182	PIĀO QIĀNG ZHŌNG {厂+{馬>{馬+馬}}}羌鐘	366-367	3f	22	成>土										?	IV	xxxxx	b		
182	PIĀO QIĀNG ZHŌNG {厂+{馬>{馬+馬}}}羌鐘	366-367	3f	22	成	chéng	*dzyeng	*deŋ	是征	禪清	p	III	k	耕	b					
182	PIĀO QIĀNG ZHŌNG {厂+{馬>{馬+馬}}}羌鐘	366-367	4c	27	阝+金										?	V	xxxxx	a		
182	PIĀO QIĀNG ZHŌNG {厂+{馬>{馬+馬}}}羌鐘	366-367	4c	27	陰	yīn	*'im	*ʔ(r)um	於金	影侵	p	III	k	侵	a					
182	PIĀO QIĀNG ZHŌNG {厂+{馬>{馬+馬}}}羌鐘	366-367	4g	31	力	lì	*lik	*C-rək	林直	來職	r	III	k	職	X	VI	xxxx	X		
182	PIĀO QIĀNG ZHŌNG {厂+{馬>{馬+馬}}}羌鐘	366-367	5c	35	京	jīng	*kjaeng	*kraŋ	舉卿	見庚	p	III	k	陽	C	VII	xxxx	C		
182	PIĀO QIĀNG ZHŌNG {厂+{馬>{馬+馬}}}羌鐘	366-367	5g	39	宗	zōng	*tsowng	*tsūŋ	作冬	精冬	p	I	h	冬	c	VIII	xxxx	c		
182	PIĀO QIĀNG ZHŌNG {厂+{馬>{馬+馬}}}羌鐘	366-367	6c	43	公	gōng	*kuwng	*kōŋ	古紅	見東	p	I	h	東	ζ	IX	xxxx	z		
182	PIĀO QIĀNG ZHŌNG {厂+{馬>{馬+馬}}}羌鐘	366-367	6g	47	子	zǐ	*tsiX	*tsəʔ	即里	精止	s	III	k	之	X	X	xxxx	X		
182	PIĀO QIĀNG ZHŌNG {厂+{馬>{馬+馬}}}羌鐘	366-367	7e	53	銘	míng	*meng	*mēŋ	莫經	明青	p	IV	k	耕	D	XI	xxxxxx	D		
182	PIĀO QIĀNG ZHŌNG {厂+{馬>{馬+馬}}}羌鐘	366-367	8a	57	剌	là	*lat	*C-rat	盧達	來曷	r	I	k	月	X	XII	xxxx	X		
182	PIĀO QIĀNG ZHŌNG {厂+{馬>{馬+馬}}}羌鐘	366-367	8a	57	烈	liè	*ljet	*C-rat	良薛	來薛	r	III	k	月	X					
182	PIĀO QIĀNG ZHŌNG {厂+{馬>{馬+馬}}}羌鐘	366-367	8e	61	忘	wàng	*mjangH	*maŋs	巫放	微漾	q	III	k	陽	d	XIII	xxxx	d		
183	SÌ ZǏ HÚ 嗣子壺	367-368		(1-7)																
183	SÌ ZǏ HÚ 嗣子壺	367-368	8a	17	壺	hú	*hu	*g/ɦā	戶吳	匣模	p	I	h	魚	A	I	xxxxxxxxxx	A		
183	SÌ ZǏ HÚ 嗣子壺	367-368	11b	25	家	jiā	*kae	*krā	古牙	見麻	p	II	k	魚	A	II	xxxxxxxx	A		
183	SÌ ZǏ HÚ 嗣子壺	367-368	13a	29	盄	zhāo	*tsyew	*taw	止遙	章宵	p	III	k	宵	X	III	xxxx	X		
183	SÌ ZǏ HÚ 嗣子壺	367-368	13a	29	淑	shū	*dzyuwk	*diwk	殊六	禪虞	r	III	h	覺	X					
183	SÌ ZǏ HÚ 嗣子壺	367-368	15a	33	德	dé	*tok	*tə̄k	多則	端德	r	I	k	職	b	IV	xxxx	b		
183	SÌ ZǏ HÚ 嗣子壺	367-368	18b	41	年	nián	*nen	*nīn	奴顛	泥先	p	IV	k	真	X	V	xxxxxxxxx	X		
183	SÌ ZǏ HÚ 嗣子壺	367-368	20a	44	子	zǐ	*tsiX	*tsəʔ	即里	精止	s	III	k	之	B	VI	xxx	B		
183	SÌ ZǏ HÚ 嗣子壺	367-368	21b	47	孫	sūn	*swon	*sūn	思渾	心魂	p	I	h	文	X	VII	xxxx	X		
183	SÌ ZǏ HÚ 嗣子壺	367-368	23b	51	之	zhī	*tsyi	*tə	止而	章之	p	III	k	之	B	VIII	xxxx	B		
184	JÍRÌ JIÀN 吉日劍	368	1d	4	午	wǔ	*nguX	*ŋāʔ	疑古	疑姥	s	I	h	魚	A	I	xxxx	A		
184	JÍRÌ JIÀN 吉日劍	368	1h	8	用	yòng	*yowngH	*loŋs	余頌	以用	q	III	h	東	X	II	xxxx	X		
184	JÍRÌ JIÀN 吉日劍	368	2b	12	呂	lǚ	*ljoH	*g-ras	良倨	來御	q	III	h	魚	A	III	xxxx	A		
184	JÍRÌ JIÀN 吉日劍	368	2b	12	鋁	lǚ	*ljoH	*g-ras	良倨	來御	q	III	h	魚	A					
184	JÍRÌ JIÀN 吉日劍	368	2f	16	之	zhī	*tsyi	*tə	止而	章之	p	III	k	之	a	IV	xxxx	a		
184	JÍRÌ JIÀN 吉日劍	368	2j	20	虡	jù	*gjoX	*g(r)aʔ	其呂	群語	s	III	h	魚	A	V	xxxx	A		
185	LǙ ZHŌNG 郘鐘	369	1a	8	亥	hài	*hojX	*gēʔ	胡改	匣海	s	I	k	之	A	I	xxxxxxxx	A		
185	LǙ ZHŌNG 郘鐘	369	2a	11	曰	yuē	*hjwot	*wat	王伐	云月	r	III	h	月	X	II	xxx	X		
185	LǙ ZHŌNG 郘鐘	369	2f	16	孫	sūn	*swon	*sūn	思渾	心魂	p	I	h	文	B	III	xxxxx	B		
185	LǙ ZHŌNG 郘鐘	369	2j	20	子	zǐ	*tsiX	*tsəʔ	即里	精止	s	III	k	之	A	IV	xxxx	A		
185	LǙ ZHŌNG 郘鐘	369	3e	25	君	jūn	*kjun	*kun	舉云	見文	p	III	h	文	B	V	xxxxx	B		
185	LǙ ZHŌNG 郘鐘	369	3i	29	武	wǔ	*mjuX	*Np(r)aʔ	文甫	明麌	s	III	h	魚	C	VI	xxxx	C		
185	LǙ ZHŌNG 郘鐘	369	4c	33	鐘	zhōng	*tsyowng	*toŋ	職容	章鍾	p	III	h	東	D	VII	xxxx	D		
185	LǙ ZHŌNG 郘鐘	369	4g	37	鋁	lǚ	*ljoH	*g-ras	良倨	來御	q	III	h	魚	C	VIII	xxxx	C		
185	LǙ ZHŌNG 郘鐘	369	5a	41	聿	yù	*ywit	*rut	餘律	以術	r	III	h	物	x	IX	xxxx	X		
185	LǙ ZHŌNG 郘鐘	369	5a	41	肆	sì	*sijH	*sləps	息利	心至	q	III	k	隶	X					
185	LǙ ZHŌNG 郘鐘	369	5e	45											?	X	xxx	C		
185	LǙ ZHŌNG 郘鐘	369	5e	45	堵	dǔ	*tuX	*tāʔ	當古	端姥	s	I	h	魚	C					
185	LǙ ZHŌNG 郘鐘	369	5h	49	龍	lóng	*ljowng	*C-roŋ	力鐘	來鐘	p	III	h	東	D	XI	xxxx	D		
185	LǙ ZHŌNG 郘鐘	369	6b	53	虡	jù	*gjoX	*g(r)aʔ	其呂	群語	s	III	h	魚	C	XII	xxxx	C		
185	LǙ ZHŌNG 郘鐘	369	6f	57	縣	xuán	*hwen	*gʷēn	胡涓	匣先	p	IV	h	仙	X	XIII	xxxx	X		
185	LǙ ZHŌNG 郘鐘	369	6i	61	鼓	gǔ	*kuX	*kāʔ	公戶	見姥	s	I	h	魚	C	XIV	xxxx	C		
185	LǙ ZHŌNG 郘鐘	369	7e	66	喬	qiáo	*gjew	*ɦk(r)aw	巨嬌	群宵	p	III	k	豪	e	XV	xxxxx	e		
185	LǙ ZHŌNG 郘鐘	369	7e	66	驕	jiāo	*kjew	*k(r)aw	舉喬	見宵	p	III	k	豪	e					
185	LǙ ZHŌNG 郘鐘	369	7i	70	孝	xiào	*xaewH	*xrūs	呼教	曉效	q	II	k	幽	E	XVI	xxxx	E		
185	LǙ ZHŌNG 郘鐘	369	8c	74	祖	zǔ	*tsuX	*tsāʔ	則古	精姥	s	I	h	魚	C	XVII	xxxx	C		
185	LǙ ZHŌNG 郘鐘	369	8g	78	壽	shòu	*dzyuwX	*duʔ	殖酉	禪有	s	III	k	幽	E	XVIII	xxxx	E		
185	LǙ ZHŌNG 郘鐘	369	8j	82	孫	sūn	*swon	*sūn	思渾	心魂	p	I	h	文	X	XIX	xxxx	X		
185	LǙ ZHŌNG 郘鐘	369	9d	86	寶	bǎo	*pawX	*pūʔ	博抱	幫晧	s	I	k	幽	E	XX	xxxx	E		
186	QÍN WǓGŌNG ZHŌNG 秦武公鐘	370-371		(1-40)																
186	QÍN WǓGŌNG ZHŌNG 秦武公鐘	370-371	5f	43	子	zǐ	*tsiX	*tsəʔ	即里	精止	s	III	k	之	A	I	xxx	A		
186	QÍN WǓGŌNG ZHŌNG 秦武公鐘	370-371	7b	50	祀	sì	*ziX	*zə(k)ʔ	詳里	邪止	s	III	k	之	A	II	xxxxxxx	A		
186	QÍN WǓGŌNG ZHŌNG 秦武公鐘	370-371	8a	54	福	fú	*pjuwk	*pək	方六	非屋	r	III	h	職	a	III	xxxx	a		
186	QÍN WǓGŌNG ZHŌNG 秦武公鐘	370-371	8e	58	心	xīn	*sim	*səm	息林	心侵	p	III	k	侵	X	IV	xxxx	X		
186	QÍN WǓGŌNG ZHŌNG 秦武公鐘	370-371	9c	62	士	shì	*dzriX	*ɦsrəʔ(s)	鉏里	崇止	s	III	k	之	A	V	xxxx	A		
186	QÍN WǓGŌNG ZHŌNG 秦武公鐘	370-371	9g	66	右	yòu	*hjuwH	*wəʔ(s)	于救	雲宥	q	III	k	之	A	VI	xxxx	A		
186	QÍN WǓGŌNG ZHŌNG 秦武公鐘	370-371	9k	70	宜	yí	*ngje	*ŋ(r)aj	魚羈	疑支	p	III	k	歌	X	VII	xxxx	X		
186	QÍN WǓGŌNG ZHŌNG 秦武公鐘	370-371	9k	70	義	yì	*ngjeH	*ŋ(r)ajs	宜寄	疑寘	q	III	k	歌	X					
186	QÍN WǓGŌNG ZHŌNG 秦武公鐘	370-371	10b	74	德	dé	*tok	*tə̄k	多則	端德	r	I	k	職	a	VIII	xxxx	a		
186	QÍN WǓGŌNG ZHŌNG 秦武公鐘	370-371	10h	80	或	huò	*hwok	*wə̄k	胡國	匣德	r	I	h	職	a	IX	xxxxxx	a		
186	QÍN WǓGŌNG ZHŌNG 秦武公鐘	370-371	10h	80	國	guó	*kwok	*kʷə̄k	古或	見德	r	I	h	職	a					
186	QÍN WǓGŌNG ZHŌNG 秦武公鐘	370-371	10k	83	糸+言+糸	luán	*lwan	*b-rōn	落官	來桓	p	I	h	元	X	X	xxx	X		
186	QÍN WǓGŌNG ZHŌNG 秦武公鐘	370-371	10k	83	蠻	mán	*maen	*mrōn	莫還	明刪	p	II	k	元	X					
186	QÍN WǓGŌNG ZHŌNG 秦武公鐘	370-371	11a	87	服	fú	*bjuwk	*bək	房六	夆屋	r	III	h	職	a	XI	xxxx	a		
186	QÍN WǓGŌNG ZHŌNG 秦武公鐘	370-371	11e	91	鐘	zhōng	*tsyowng	*toŋ	職容	章鍾	p	III	h	東	B	XII	xxxx	B		
186	QÍN WǓGŌNG ZHŌNG 秦武公鐘	370-371	12a	97	{水>吕}+隹=										?	XIII	xxxxxx	B		
186	QÍN WǓGŌNG ZHŌNG 秦武公鐘	370-371	12a	97	雝=	-yōng	*-'jowng	*-ʔ(r)oŋ	於容	影鍾	p	III	h	東	B					
186	QÍN WǓGŌNG ZHŌNG 秦武公鐘	370-371	12e	101	公	gōng	*kuwng	*kōŋ	古紅	見東	p	I	h	東	B	XIV	xxxx	B		
186	QÍN WǓGŌNG ZHŌNG 秦武公鐘	370-371	13a	105	福	fú	*pjuwk	*pək	方六	非屋	r	III	h	職	a	XV	xxxx	a		
186	QÍN WǓGŌNG ZHŌNG 秦武公鐘	370-371	14a	109	釐	lí	*li	*C-rə	里之	來之	p	III	k	之	A	XVI	xxxx	A		
186	QÍN WǓGŌNG ZHŌNG 秦武公鐘	370-371	15a	113	年	nián	*nen	*nīn	奴顛	泥先	p	IV	k	真	C	XVII	xxxx	C		
186	QÍN WǓGŌNG ZHŌNG 秦武公鐘	370-371	16d	120	立	lì	*lip	*grə/up	立力	來緝	r	III	k	緝	x	XVIII	xxxxxxx	X		
186	QÍN WǓGŌNG ZHŌNG 秦武公鐘	370-371	16d	120	位	wèi	*hwijH	*(w)rəps	于愧	云至	q	III	k	隶	X					
186	QÍN WǓGŌNG ZHŌNG 秦武公鐘	370-371	17c	124	命	mìng	*mjaengH	*mriŋ(s)	眉病	明映	q	III	k	真	C	XIX	xxxx	C		
186	QÍN WǓGŌNG ZHŌNG 秦武公鐘	370-371	17g	128	疆	jiāng	*kjang	*kaŋ	居良	見陽	p	III	k	陽	D	XX	xxxx	D		
186	QÍN WǓGŌNG ZHŌNG 秦武公鐘	370-371	17h	132	方	fāng	*pjang	*paŋ	府良	非陽	p	III	h	陽	D	XXI	xxxx	D		
186	QÍN WǓGŌNG ZHŌNG 秦武公鐘	370-371	17k	135	寶	bǎo	*pawX	*pūʔ	博抱	幫晧	s	I	k	幽	X	XXII	xxx	D		
187	QÍN ZHĀO HÉZHŌNG 秦盄龢鐘	372-373		(1-23)																
187	QÍN ZHĀO HÉZHŌNG 秦盄龢鐘	372-373	6c	26	命	mìng	*mjaengH	*mriŋ(s)	眉病	明映	q	III	k	真	A	I	xxx	A		
187	QÍN ZHĀO HÉZHŌNG 秦盄龢鐘	372-373	7b	32	秦	qín	*dzin	*dzin	匠鄰	從真	p	III	k	真	A	II	xxxxxx	A		
187	QÍN ZHĀO HÉZHŌNG 秦盄龢鐘	372-373	8a	36	夏	xià	*haeX	*g/Hrāʔ	胡雅	匣馬	s	II	k	魚	X	III	xxxx	X		
187	QÍN ZHĀO HÉZHŌNG 秦盄龢鐘	372-373	8f	41	子	zǐ	*tsiX	*tsəʔ	即里	精止	s	III	k	之	B	IV	xxxxx	B		
187	QÍN ZHĀO HÉZHŌNG 秦盄龢鐘	372-373	9e	47	德	dé	*tok	*tə̄k	多則	端德	r	I	k	職	b	V	xxxxxx	b		
187	QÍN ZHĀO HÉZHŌNG 秦盄龢鐘	372-373	10d	51	井	jǐng	*tsjengX	*tseŋʔ	子郢	精靜	s	III	k	耕	a	VI	xxxx	a		
187	QÍN ZHĀO HÉZHŌNG 秦盄龢鐘	372-373	10d	51	刑	xíng	*heng	*gēŋ	戶經	匣青	p	IV	k	耕	a					
187	QÍN ZHĀO HÉZHŌNG 秦盄龢鐘	372-373	11c	55	祀	sì	*ziX	*zə(k)ʔ	詳里	邪止	s	III	k	之	B	VII	xxxx	B		
187	QÍN ZHĀO HÉZHŌNG 秦盄龢鐘	372-373	12b	59	福	fú	*pjuwk	*pək	方六	非屋	r	III	h	職	b	VIII	xxxx	b		
187	QÍN ZHĀO HÉZHŌNG 秦盄龢鐘	372-373	13a	63	民	mín	*mjin	*min	彌鄰	明真	p	III	k	真	A	IX	xxxx	A		
187	QÍN ZHĀO HÉZHŌNG 秦盄龢鐘	372-373	14a	70	走+亘=	-yuán	*-hjwon	*-war	兩元	云元	p	III	h	元	X	X	xxxxxxx   	X		
187	QÍN ZHĀO HÉZHŌNG 秦盄龢鐘	372-373	14a	70	宣=	­xuān	*-sjwen	*-swar	須緣	心仙	p	III	h	元	X					
187	QÍN ZHĀO HÉZHŌNG 秦盄龢鐘	372-373	14e	74	敕	chì	*trhik	*hrək	恥力	徹職	r	III	k	職	b	XI	xxxx	b		
187	QÍN ZHĀO HÉZHŌNG 秦盄龢鐘	372-373	16a	80	士	shì	*dzriX	*ɦsrəʔ(s)	鉏里	崇止	s	III	k	之	B	XII	xxxxxx	B		
187	QÍN ZHĀO HÉZHŌNG 秦盄龢鐘	372-373	16e	84	武	wǔ	*mjuX	*Np(r)aʔ	文甫	明麌	s	III	h	魚	X	XIII	xxxx	X		
187	QÍN ZHĀO HÉZHŌNG 秦盄龢鐘	372-373	17c	88	廷	tíng	*deng	*lēŋ	特丁	定青	p	IV	k	耕	a	XIV	xxxx	a		
187	QÍN ZHĀO HÉZHŌNG 秦盄龢鐘	372-373	18b	92	邦	bāng	*paewng	*prōŋ	博江	幫江	p	II	k	東	C	XV	xxxx	C		
187	QÍN ZHĀO HÉZHŌNG 秦盄龢鐘	372-373	19a	96	事	shì	*dzriH	*ɦsrəs	鉏吏	崇止	q	III	k	之	B	XVI	xxxx	B		
187	QÍN ZHĀO HÉZHŌNG 秦盄龢鐘	372-373	19e	100	鐘	zhōng	*tsyowng	*toŋ	職容	章鍾	p	III	h	東	C	XVII	xxxx	C		
187	QÍN ZHĀO HÉZHŌNG 秦盄龢鐘	372-373	20e	105	邦	bāng	*paewng	*prōŋ	博江	幫江	p	II	k	東	C	XVIII	xxxxx	C		
187	QÍN ZHĀO HÉZHŌNG 秦盄龢鐘	372-373	22a	113	煌	huáng	*hwang	*wāŋ	胡光	匣唐	p	I	h	陽	D	XIX	xxxxxxxx	D		
187	QÍN ZHĀO HÉZHŌNG 秦盄龢鐘	372-373	23a	118	亯	xiǎng	*xjangX	*xaŋʔ	許兩	曉養	s	III	k	陽	D	XX	xxxxx	D		
187	QÍN ZHĀO HÉZHŌNG 秦盄龢鐘	372-373	23a	118	享	xiǎng	*xjangX	*xaŋʔ	許兩	曉養	s	III	k	陽	D					
187	QÍN ZHĀO HÉZHŌNG 秦盄龢鐘	372-373	24b	124	釐	lí	*li	*C-rə	里之	來之	p	III	k	之	X	XXI	xxxx	X		
187	QÍN ZHĀO HÉZHŌNG 秦盄龢鐘	372-373	25a	128	疆	jiāng	*kjang	*kaŋ	居良	見陽	p	III	k	陽	D	XXII	xxxx	D		
187	QÍN ZHĀO HÉZHŌNG 秦盄龢鐘	372-373	25e	132	立	lì	*lip	*grə/up	立力	來緝	r	III	k	緝	X	XXIII	xxxx	X		
187	QÍN ZHĀO HÉZHŌNG 秦盄龢鐘	372-373	25e	132	位	wèi	*hwijH	*(w)rəps	于愧	云至	q	III	k	隶	x					
187	QÍN ZHĀO HÉZHŌNG 秦盄龢鐘	372-373	26d	136	慶	qìng	*khjaengH	*khraŋs	丘敬	溪映	q	III	k	陽	D	XXIV	xxxx	D		
187	QÍN ZHĀO HÉZHŌNG 秦盄龢鐘	372-373	27c	140	方	fāng	*pjang	*paŋ	府良	非陽	p	III	h	陽	D	XXV	xxxx	D		
187	QÍN ZHĀO HÉZHŌNG 秦盄龢鐘	372-373		(141-143)														[...]		
188	QÍNGŌNG GUǏ 秦公簋	374-375		(1-3)																
188	QÍNGŌNG GUǏ 秦公簋	374-375	2c	8	且	jū	*tsjo	*tsa	子魚	精魚	p	III	h	魚	A	I	xxxxx	A		
188	QÍNGŌNG GUǏ 秦公簋	374-375	2c	8	祖	zǔ	*tsuX	*tsāʔ	則古	精姥	s	I	h	魚	A					
188	QÍNGŌNG GUǏ 秦公簋	374-375	3e	15	{刺-刂}>貝										?	II	xxxxxxx	a		
188	QÍNGŌNG GUǏ 秦公簋	374-375	3e	15	跡	jī	*tsjek	*tsak	資昔	精昔	r	III	k	鐸	a					
188	QÍNGŌNG GUǏ 秦公簋	374-375	5c	23	不+{十>厂}	pī	*phoj	*phrə̄	芳杯	滂灰	p	I	h	之	B	III	xxxxxxxx	B		
188	QÍNGŌNG GUǏ 秦公簋	374-375	6c	28	命	mìng	*mjaengH	*mriŋ(s)	眉病	明映	q	III	k	真	C	IV	xxxxx	C		
188	QÍNGŌNG GUǏ 秦公簋	374-375	7b	32	秦	qín	*dzin	*dzin	匠鄰	從真	p	III	k	真	C	V	xxxx	C		
188	QÍNGŌNG GUǏ 秦公簋	374-375	8a	34	夏	xià	*haeX	*g/ɦrāʔ	胡雅	匣馬	s	II	k	魚	A	VI	xx	A		
188	QÍNGŌNG GUǏ 秦公簋	374-375	8e	40	子	zǐ	*tsiX	*tsəʔ	即里	精止	s	III	k	之	B	VII	xxxxxx	B		
188	QÍNGŌNG GUǏ 秦公簋	374-375	9d	46	德	dé	*tok	*tə̄k	多則	端德	r	I	k	職	a	VIII	xxxxxx	a		
188	QÍNGŌNG GUǏ 秦公簋	374-375	10a	50	走+亘=	-yuán	*-hjwon	*-war	兩元	云元	p	III	h	元	X	IX	xxxx	X		
188	QÍNGŌNG GUǏ 秦公簋	374-375	10a	50	宣=	­xuān	*-sjwen	*-swar	須緣	心仙	p	III	h	元	X					
188	QÍNGŌNG GUǏ 秦公簋	374-375	10e	54	敕	chì	*trhik	*hrək	恥力	徹職	r	III	k	職	a	X	xxxx	a		
188	QÍNGŌNG GUǏ 秦公簋	374-375	1'd	58	士	shì	*dzriX	*ɦsrəʔ(s)	鉏里	崇止	s	III	k	之	B	XI	xxxx	B		
188	QÍNGŌNG GUǏ 秦公簋	374-375	1'g	62	武	wǔ	*mjuX	*Np(r)aʔ	文甫	明麌	s	III	h	魚	A	XII	xxxx	A		
188	QÍNGŌNG GUǏ 秦公簋	374-375	2'a	66	廷	tíng	*deng	*lēŋ	特丁	定青	p	IV	k	耕	X	XIII	xxxx	X		
188	QÍNGŌNG GUǏ 秦公簋	374-375	2'e	70	祀	sì	*ziX	*zə(k)ʔ	詳里	邪止	s	III	k	之	B	XIV	xxxx	B		
188	QÍNGŌNG GUǏ 秦公簋	374-375	2'i	74	彝	yí	*yij	*ləj	以脂	以脂	p	III	k	脂	X	XV	xxxx	X		
188	QÍNGŌNG GUǏ 秦公簋	374-375	3'c	78	且	jū	*tsjo	*tsa	子魚	精魚	p	III	h	魚	A	XVI	xxxx	A		
188	QÍNGŌNG GUǏ 秦公簋	374-375	3'c	78	祖	zǔ	*tsuX	*tsāʔ	則古	精姥	s	I	h	魚	A					
188	QÍNGŌNG GUǏ 秦公簋	374-375	3'g	82	各	gè	*kak	*kāk	古洛	見鐸	r	I	k	鐸	a	XVII	xxxx	a		
188	QÍNGŌNG GUǏ 秦公簋	374-375	3'g	82	格	gé	*kaɨjk	*krāk	古伯	見陌	r	II	k	鐸	a					
188	QÍNGŌNG GUǏ 秦公簋	374-375	4'c	88	釐	lí	*li	*C-rə	里之	來之	p	III	k	之	B	XVIII	xxxxxx	B		
188	QÍNGŌNG GUǏ 秦公簋	374-375	4'g	92	疆	jiāng	*kjang	*kaŋ	居良	見陽	p	III	k	陽	D	XIX	xxxx	D		
188	QÍNGŌNG GUǏ 秦公簋	374-375	5'a	96	天	tiān	*then	*hlīn	他前	透先	p	IV	k	真	X	XX	xxxx	X		
188	QÍNGŌNG GUǏ 秦公簋	374-375	5'e	100	慶	qìng	*khjaengH	*khraŋs	丘敬	溪映	q	III	k	陽	D	XXI	xxxx	D		
188	QÍNGŌNG GUǏ 秦公簋	374-375	5'i	104	方	fāng	*pjang	*paŋ	府良	非陽	p	III	h	陽	D	XXII	xxxx	D		
188	QÍNGŌNG GUǏ 秦公簋	374-375		(.105.)																
189	PĀI ZHŌU 拍舟	375-376		(1-17)																
189	PĀI ZHŌU 拍舟	375-376	5d	21	土+日										?	I	xxxx	X		
189	PĀI ZHŌU 拍舟	375-376	5d	21	土+{日>土}	niè	*net	*nīt	奴結	泥屑	r	IV	k	質	X					
189	PĀI ZHŌU 拍舟	375-376	6b	23	祀	sì	*ziX	*zə(k)ʔ	詳里	邪止	s	III	k	之	A	II	xx	A		
189	PĀI ZHŌU 拍舟	375-376	7b	27	止	zhǐ	*tsyiX	*təʔ	諸市	章止	s	III	k	之	A	III	xxxx	A		
190	?KUAN-ÉR DǏNG {寬>廾}兒鼎	376		(1-22)																
190	?KUAN-ÉR DǏNG {寬>廾}兒鼎	376	4f	24	壽	shòu	*dzyuwX	*duʔ	殖酉	禪有	s	III	k	幽	A	I	xx	A		
190	?KUAN-ÉR DǏNG {寬>廾}兒鼎	376	5b	26	其>日	jī	*ki	*k(r)ə	居其	見之	p	III	k	之	B	II	xx	B		
190	?KUAN-ÉR DǏNG {寬>廾}兒鼎	376	5b	26	期	qī	*gi	*g(r)ə	渠之	群之	p	III	k	之	B					
190	?KUAN-ÉR DǏNG {寬>廾}兒鼎	376	5d	28	保	bǎo	*pawX	*pūʔ	博抱	幫晧	s	I	k	幽	A	III	xx	A		
190	?KUAN-ÉR DǏNG {寬>廾}兒鼎	376	5f	30	之	zhī	*tsyi	*tə	止而	章之	p	III	k	之	B	IV	xx	B		
191	HUÁ MǓ HÚ 華母壺	376	1g	7	壺	hú	*hu	*g/ɦā	戶吳	匣模	p	I	h	魚	A	I	xxxxxxx  	A		
191	HUÁ MǓ HÚ 華母壺	376	1m	13	午	wǔ	*nguX	*ŋāʔ	疑古	疑姥	s	I	h	魚	A	II	xxxxxx   	A		
192	SĀNG SHǏ PÍNG 喪史鉼	377		(1-6)																
192	SĀNG SHǏ PÍNG 喪史鉼	377	3b	10	行	xíng	*haeng	*grāŋ	戶庚	匣庚	p	II	k	陽	A	I	xxxx	A		
192	SĀNG SHǏ PÍNG 喪史鉼	377	4b	14	壽	shòu	*dzyuwX	*duʔ	殖酉	禪有	s	III	k	幽	X	II	xxxx	X		
192	SĀNG SHǏ PÍNG 喪史鉼	377	5c	18	彊	jiāng	*kjang	*kaŋ	居良	見陽	p	III	k	陽	A	III	xxxx	A		
192	SĀNG SHǏ PÍNG 喪史鉼	377	5c	18	疆	jiāng	*kjang	*kaŋ	居良	見陽	p	III	k	陽	A					
192	SĀNG SHǏ PÍNG 喪史鉼	377	2b	22	孫=	-sūn	*-swon	*-sūn	思渾	心魂	p	I	h	文	X	IV	xxxx	X		
192	SĀNG SHǏ PÍNG 喪史鉼	377	3c	26	尚	shàng	*dzyangH	*daŋs	時亮	禪漾	q	III	k	陽	A	V	xxxx	A		
193	HUÁI DǏNG 褱鼎	377-378		(1-6)																
193	HUÁI DǏNG 褱鼎	377-378	2d	9	壽	shòu	*dzyuwX	*duʔ	殖酉	禪有	s	III	k	幽	A	I	xxx	A		
193	HUÁI DǏNG 褱鼎	377-378	3a	11	其>日	jī	*ki	*k(r)ə	居其	見之	p	III	k	之	B	II	xx	B		
193	HUÁI DǏNG 褱鼎	377-378	3a	11	期	qī	*gi	*g(r)ə	渠之	群之	p	III	k	之	B					
193	HUÁI DǏNG 褱鼎	377-378	3c	13	保	bǎo	*pawX	*pūʔ	博抱	幫晧	s	I	k	幽	A	III	xx	A		
193	HUÁI DǏNG 褱鼎	377-378	3e	15	之	zhī	*tsyi	*tə	止而	章之	p	III	k	之	B	IV	xx	B		
194	QÍCÌGŌU DIÀO 其次句鑃	378		(1-14)																
194	QÍCÌGŌU DIÀO 其次句鑃	378	2c	18	孝	xiào	*xaewH	*xrūs	呼教	曉效	q	II	k	幽	A	I	xxxx	A		
194	QÍCÌGŌU DIÀO 其次句鑃	378	2f	22	壽	shòu	*dzyuwX	*duʔ	殖酉	禪有	s	III	k	幽	A	II	xxxx	A		
194	QÍCÌGŌU DIÀO 其次句鑃	378	2h	26	孫=	-sūn	*-swon	*-sūn	思渾	心魂	p	I	h	文	X	III	xxxx	X		
194	QÍCÌGŌU DIÀO 其次句鑃	378	2l	30	之	zhī	*tsyi	*tə	止而	章之	p	III	k	之	a	IV	xxxx	a		
195	LIÚ GUŌ 鏐鈛	378	1b	2	金	jīn	*kim	*k(r)əm	居吟	見侵	p	III	k	侵	A	I	xx	A		
195	LIÚ GUŌ 鏐鈛	378	1d	4	金	jīn	*kim	*k(r)əm	居吟	見侵	p	III	k	侵	A	II	xx	A		
195	LIÚ GUŌ 鏐鈛	378	1h	8	兵	bīng	*paeng	*praŋ	甫明	幫庚	p	III	k	陽	a	III	xxxx	a		
196	X ZǏ ?YUAN?YI DǏNG {{自>肉>大}+⻖}子{艹>員>廾}{夷>土}鼎	379	1d	4	夷>土										?	I	xxxx	A		
196	X ZǏ ?YUAN?YI DǏNG {{自>肉>大}+⻖}子{艹>員>廾}{夷>土}鼎	379	1d	4	夷	yí	*yij	*ləj	以脂	以脂	p	III	k	脂	A	II	xxxx	A		
196	X ZǏ ?YUAN?YI DǏNG {{自>肉>大}+⻖}子{艹>員>廾}{夷>土}鼎	379	1h	8	器	qì	*khijH	*khrəjs	去冀	溪至	q	III	k	脂	A	III	xxxxx   	a		
196	X ZǏ ?YUAN?YI DǏNG {{自>肉>大}+⻖}子{艹>員>廾}{夷>土}鼎	379	1m	13	之	zhī	*tsyi	*tə	止而	章之	p	III	k	之	a					
197	YǗ DǏNGBǏ 魚鼎匕	379-380	1e	5	人	rén	*nyin	*nin	如鄰	日真	p	III	k	真	A	I	xxxxx	A		
197	YǗ DǏNGBǏ 魚鼎匕	379-380	3a	9	鼎+頁										?	II	xxxx	a		
197	YǗ DǏNGBǏ 魚鼎匕	379-380	3a	9	鼎	dǐng	*tengX	*tēŋʔ	都挺	端迥	s	IV	k	耕	a					
197	YǗ DǏNGBǏ 魚鼎匕	379-380	6a	16	虫	chóng	*drjuwng	*lruŋ	直弓	澄東	p	III	h	冬	X	III	xxxxxxx	X		
197	YǗ DǏNGBǏ 魚鼎匕	379-380	6e	20	智	zhì	*trjeH	*tres	知義	知寘	q	III	k	佳	X	IV	xxxx	X		
197	YǗ DǏNGBǏ 魚鼎匕	379-380	6i	24	蚘	huí	*hwoj	*wūj	戶恢	匣灰	p	I	h	微	B	V	xxxx	B		
197	YǗ DǏNGBǏ 魚鼎匕	379-380	6i	24	螝	huī	*xwoj	*xūj	呼恢	曉灰	p	I	h	微	B					
197	YǗ DǏNGBǏ 魚鼎匕	379-380	7b	29	庚+欠										?	VI	xxxxx	X		
197	YǗ DǏNGBǏ 魚鼎匕	379-380	7b	29	羹	gēng	*kaeng	*krāŋ	古行	見庚	p	II	k	陽	X					
197	YǗ DǏNGBǏ 魚鼎匕	379-380	9a	33	出	chū	*tsyhwit	*thut	赤律	昌術	r	III	h	物	b	VII	xxxx	b		
197	YǗ DǏNGBǏ 魚鼎匕	379-380	10a	35	處	chǔ	*tsyhjoX	*KHaʔ	昌與	昌語	s	III	h	魚	C	VIII	xx	C		
197	YǗ DǏNGBǏ 魚鼎匕	379-380	10c	37	所	suǒ	*srjoX	*s(k)raʔ	疏舉	生語	s	III	k	魚	C	IX	xx	C		
